"","str_label"
"AACCGCGCACATGTGT-1_1","0"
"AAGGCAGTCGTAGGTT-1_1","0"
"AAGGTTCTCCAAGTAC-1_1","0"
"AATCCAGGTTATCACG-1_1","0"
"AATCCAGTCAATACCG-1_1","0"
"ACACCGGCATCGGTTA-1_1","0"
"ACACTGATCAAGCCTA-1_1","0"
"ACAGCTAGTAGCGATG-1_1","0"
"ACCCACTCACTGTCGG-1_1","0"
"ACGAGCCGTCCCGACA-1_1","0"
"ACGCCAGGTTATCGGT-1_1","0"
"ACGGCCAAGTTCGCGC-1_1","0"
"ACGGGTCTCAACACAC-1_1","0"
"ACGGGTCTCGATCCCT-1_1","0"
"AGATTGCTCTGAAAGA-1_1","0"
"AGCCTAATCATCATTC-1_1","0"
"AGCTTGAGTAGCCTCG-1_1","0"
"AGGCCGTTCCTCGCAT-1_1","0"
"AGGTCCGCATGTTGAC-1_1","0"
"AGGTCCGGTATGGTTC-1_1","0"
"AGTCTTTTCAAACAAG-1_1","0"
"AGTGGGAAGAAGGCCT-1_1","0"
"AGTGTCATCACCACCT-1_1","0"
"ATCACGACAGCGTAAG-1_1","0"
"ATCACGAGTTGTCTTT-1_1","0"
"ATCATCTAGATTACCC-1_1","0"
"ATCCACCCATAAAGGT-1_1","0"
"ATTACTCGTAGCAAAT-1_1","0"
"ATTATCCAGCAGACTG-1_1","0"
"ATTCTACGTCCAAGTT-1_1","0"
"ATTGGTGCAAGGACAC-1_1","0"
"ATTTCTGTCGTAGGTT-1_1","0"
"ATTTCTGTCTCGCTTG-1_1","0"
"CAACCTCTCCGGGTGT-1_1","0"
"CAACTAGCATCCGTGG-1_1","0"
"CAAGATCTCACGGTTA-1_1","0"
"CACAGGCGTAGCGCAA-1_1","0"
"CACAGGCGTGTGACGA-1_1","0"
"CACAGGCTCGGTGTTA-1_1","0"
"CACCACTGTTATCGGT-1_1","0"
"CACCTTGAGGTCATCT-1_1","0"
"CACCTTGGTCCTGCTT-1_1","0"
"CAGCGACAGGCACATG-1_1","0"
"CAGTCCTAGCCGATTT-1_1","0"
"CAGTCCTAGGACATTA-1_1","0"
"CATATTCGTCAAACTC-1_1","0"
"CATATTCTCACCATAG-1_1","0"
"CATCCACAGGGAAACA-1_1","0"
"CATCCACGTGGTAACG-1_1","0"
"CATCGAAAGACAAAGG-1_1","0"
"CCAATCCGTGCACTTA-1_1","0"
"CCCAATCTCCCGACTT-1_1","0"
"CCCATACAGCCCAGCT-1_1","0"
"CCGGTAGCAAACTGCT-1_1","0"
"CCTACACGTGATAAAC-1_1","0"
"CCTATTAAGCGCTTAT-1_1","0"
"CCTTCGACAGACACTT-1_1","0"
"CGAACATAGAGATGAG-1_1","0"
"CGAATGTAGCTGGAAC-1_1","0"
"CGACCTTGTCATATCG-1_1","0"
"CGACTTCAGCACACAG-1_1","0"
"CGATTGATCAGCGATT-1_1","0"
"CGCGTTTCACGGTAAG-1_1","0"
"CGGGTCAAGGGATCTG-1_1","0"
"CGGTTAACACATGACT-1_1","0"
"CGTAGCGTCCCAAGAT-1_1","0"
"CGTCTACTCAGCGATT-1_1","0"
"CGTGTCTGTGCACGAA-1_1","0"
"CTAACTTGTATATGAG-1_1","0"
"CTAATGGAGCATGGCA-1_1","0"
"CTACATTGTCCGTCAG-1_1","0"
"CTACGTCCAATCGAAA-1_1","0"
"CTAGAGTAGAGATGAG-1_1","0"
"CTAGCCTGTTAAGGGC-1_1","0"
"CTAGCCTTCTCGTATT-1_1","0"
"CTCACACTCGACGGAA-1_1","0"
"CTCGAAACATCTATGG-1_1","0"
"CTCGGAGTCAAACGGG-1_1","0"
"CTCGGAGTCTGACCTC-1_1","0"
"CTCGTCAAGCGCTCCA-1_1","0"
"CTCGTCACAACTGCGC-1_1","0"
"CTCTGGTCATACTACG-1_1","0"
"CTTGGCTTCACATAGC-1_1","0"
"CTTTGCGCACGGTGTC-1_1","0"
"GAAACTCCAGCTCGCA-1_1","0"
"GAAATGAAGCCAGTAG-1_1","0"
"GAAATGAAGGAATCGC-1_1","0"
"GAACATCTCTACTCAT-1_1","0"
"GAATAAGGTCGCATCG-1_1","0"
"GAATGAAAGATCCCGC-1_1","0"
"GACACGCTCGTATCAG-1_1","0"
"GACGCGTTCAATCTCT-1_1","0"
"GACGGCTCAGACACTT-1_1","0"
"GACGTGCCATAAGACA-1_1","0"
"GATCAGTGTCCATCCT-1_1","0"
"GATCGATTCTCGCATC-1_1","0"
"GATCGCGAGTCATCCA-1_1","0"
"GATGAGGCATCGGGTC-1_1","0"
"GATGCTAGTGCGATAG-1_1","0"
"GCAATCATCAGAAATG-1_1","0"
"GCACATATCCTCAACC-1_1","0"
"GCAGCCAAGTAGGCCA-1_1","0"
"GCAGCCACACTGAAGG-1_1","0"
"GCATGATAGCTGATAA-1_1","0"
"GCATGCGCACTTAAGC-1_1","0"
"GCGCAACAGCGCTTAT-1_1","0"
"GCTCTGTGTACAGACG-1_1","0"
"GCTGCAGCAAGGTTCT-1_1","0"
"GCTTCCATCCCTAACC-1_1","0"
"GGACATTTCGAATCCA-1_1","0"
"GGACGTCTCGAGAGCA-1_1","0"
"GGAGCAAAGAAGGACA-1_1","0"
"GGATTACTCATGCATG-1_1","0"
"GGCGACTTCCTTTACA-1_1","0"
"GGCTGGTCAGCTTAAC-1_1","0"
"GGGAATGCATGGTCAT-1_1","0"
"GGGAATGGTTTGTTTC-1_1","0"
"GGGAGATGTATATGAG-1_1","0"
"GGGCATCCATAGAAAC-1_1","0"
"GGGTCTGAGACGCAAC-1_1","0"
"GGGTCTGAGATGTTAG-1_1","0"
"GGGTTGCCATAGACTC-1_1","0"
"GGTGAAGGTCCTGCTT-1_1","0"
"GTAACTGAGCCACTAT-1_1","0"
"GTATTCTGTCCTCTTG-1_1","0"
"GTCAAGTAGTGTCCCG-1_1","0"
"GTCATTTTCGCAGGCT-1_1","0"
"GTCCTCAGTTCGGCAC-1_1","0"
"GTTAAGCGTGCCTGGT-1_1","0"
"GTTCGGGCACAACTGT-1_1","0"
"GTTTCTAAGCGCTTAT-1_1","0"
"TAAGCGTTCCGCTGTT-1_1","0"
"TACGGATAGCACCGCT-1_1","0"
"TACGGATCAGATCGGA-1_1","0"
"TACGGTAAGTAATCCC-1_1","0"
"TAGGCATGTTTCGCTC-1_1","0"
"TAGTTGGCAAAGCGGT-1_1","0"
"TATCTCACACACAGAG-1_1","0"
"TCACAAGGTCACCTAA-1_1","0"
"TCACGAACATCTGGTA-1_1","0"
"TCATTACCACCCATGG-1_1","0"
"TCATTTGTCCGAACGC-1_1","0"
"TCGCGTTAGTCGCCGT-1_1","0"
"TCGTACCAGCATGGCA-1_1","0"
"TCTATTGGTACATCCA-1_1","0"
"TCTTCGGAGTTTGCGT-1_1","0"
"TCTTTCCTCTGGCGTG-1_1","0"
"TGAAAGATCAATCTCT-1_1","0"
"TGAAAGATCCACGTTC-1_1","0"
"TGACTTTGTCGAGATG-1_1","0"
"TGACTTTGTCTACCTC-1_1","0"
"TGACTTTTCTGTCTAT-1_1","0"
"TGAGCATGTCTCCATC-1_1","0"
"TGATTTCGTATATCCG-1_1","0"
"TGATTTCGTTGTGGAG-1_1","0"
"TGGCCAGAGACTAGGC-1_1","0"
"TGGCGCACATCACGAT-1_1","0"
"TGGTTCCAGAGATGAG-1_1","0"
"TGTCCCATCACGCATA-1_1","0"
"TTCCCAGGTAGGCATG-1_1","0"
"TTGGAACGTTGGTGGA-1_1","0"
"TTTACTGTCGATAGAA-1_1","0"
"TTTCCTCTCAAAGACA-1_1","0"
"AAAGCAAGTTACGCGC-1_2","1"
"AACCATGCACCCAGTG-1_2","1"
"AACGTTGAGATGCGAC-1_2","1"
"AACTCCCCAGAGTGTG-1_2","1"
"AACTCTTAGTAAGTAC-1_2","1"
"AACTTTCGTTAAGGGC-1_2","1"
"AAGACCTAGAACTCGG-1_2","1"
"AAGGAGCGTAGCTGCC-1_2","1"
"AAGGCAGTCACAAACC-1_2","1"
"AAGGCAGTCTGGCGAC-1_2","1"
"AATCGGTAGAGGACGG-1_2","1"
"AATCGGTCAAAGTGCG-1_2","1"
"ACACCGGGTTAAGAAC-1_2","1"
"ACACTGAAGTACGCGA-1_2","1"
"ACAGCCGCACGACGAA-1_2","1"
"ACAGCCGGTGGCAAAC-1_2","1"
"ACATACGTCTATCGCC-1_2","1"
"ACATGGTAGTAGGTGC-1_2","1"
"ACATGGTAGTGTACCT-1_2","1"
"ACATGGTTCACCTCGT-1_2","1"
"ACATGGTTCGAGAGCA-1_2","1"
"ACGGGTCCACCAGGTC-1_2","1"
"ACTTTCAAGACTAAGT-1_2","1"
"ACTTTCACATCGATGT-1_2","1"
"AGAGTGGGTGTTGAGG-1_2","1"
"AGGGATGAGTGTCTCA-1_2","1"
"AGGGATGGTCTCTCGT-1_2","1"
"AGGGATGGTGAAGGCT-1_2","1"
"AGGGTGATCATCATTC-1_2","1"
"ATAACGCGTAGCCTCG-1_2","1"
"ATAGACCTCAGGTAAA-1_2","1"
"ATGAGGGTCTACCAGA-1_2","1"
"ATGGGAGTCTCTGCTG-1_2","1"
"ATTGGACCAGGTCTCG-1_2","1"
"ATTGGACTCGGTGTTA-1_2","1"
"ATTTCTGGTACACCGC-1_2","1"
"CAACCTCTCGTGGACC-1_2","1"
"CAAGGCCAGCTCCTTC-1_2","1"
"CAAGTTGCATGCCTTC-1_2","1"
"CACACTCCAGTAAGCG-1_2","1"
"CAGAGAGCAAGCCCAC-1_2","1"
"CAGCGACCACATTCGA-1_2","1"
"CATATTCCAGCCTATA-1_2","1"
"CATGACAAGTTACGGG-1_2","1"
"CATTATCGTCGAGATG-1_2","1"
"CCACTACGTTCGAATC-1_2","1"
"CCCAGTTAGGGTATCG-1_2","1"
"CCGTACTGTATGAATG-1_2","1"
"CCTACACGTGACAAAT-1_2","1"
"CCTTACGTCAGAGGTG-1_2","1"
"CGAGCCAGTACTCGCG-1_2","1"
"CGGAGCTCACTAGTAC-1_2","1"
"CGTCAGGTCTCCAGGG-1_2","1"
"CGTCCATCAAGAGGCT-1_2","1"
"CGTGAGCAGCTCTCGG-1_2","1"
"CGTTGGGCACCGATAT-1_2","1"
"CTAAGACTCTTCAACT-1_2","1"
"CTACACCAGATACACA-1_2","1"
"CTCGGAGAGGAATGGA-1_2","1"
"CTCGTACCAGGCTGAA-1_2","1"
"CTCTAATAGGCAATTA-1_2","1"
"CTGATAGGTAACGACG-1_2","1"
"CTGATAGTCAGTTGAC-1_2","1"
"CTGATCCAGGAGTACC-1_2","1"
"CTGCCTATCAGTCCCT-1_2","1"
"CTGGTCTCATAACCTG-1_2","1"
"CTTAACTAGGGAACGG-1_2","1"
"GAACATCAGGGAAACA-1_2","1"
"GAACATCCAAGAGTCG-1_2","1"
"GAACATCCAAGCTGGA-1_2","1"
"GACACGCGTACGCTGC-1_2","1"
"GACGGCTGTCTGCCAG-1_2","1"
"GACGTTACAAAGGCGT-1_2","1"
"GACTACATCTCACATT-1_2","1"
"GAGGTGACAAATCCGT-1_2","1"
"GATTCAGGTTCAGACT-1_2","1"
"GCAAACTAGGATCGCA-1_2","1"
"GCAATCACACCGAATT-1_2","1"
"GCAATCATCTGCCCTA-1_2","1"
"GCACATAGTCGAGTTT-1_2","1"
"GCACTCTCAGCGATCC-1_2","1"
"GCAGCCAGTAGCTAAA-1_2","1"
"GCATGATAGCACACAG-1_2","1"
"GCATGTAAGCTATGCT-1_2","1"
"GCGACCACAAGTTCTG-1_2","1"
"GCGCAACCACTTAAGC-1_2","1"
"GCGCAACGTTTGACTG-1_2","1"
"GCGCAGTAGTGGGATC-1_2","1"
"GCGCGATAGTGGCACA-1_2","1"
"GCTGCGAAGTTCGCGC-1_2","1"
"GCTGCGATCTTAGCCC-1_2","1"
"GCTGCTTCACCGAAAG-1_2","1"
"GCTGGGTAGGCTCAGA-1_2","1"
"GCTTCCAAGTGGGCTA-1_2","1"
"GGACATTCACTCTGTC-1_2","1"
"GGCTCGAAGAATCTCC-1_2","1"
"GGTATTGAGCTGCAAG-1_2","1"
"GGTGAAGGTCCATGAT-1_2","1"
"GGTGTTAGTTATTCTC-1_2","1"
"GTAGGCCGTAAGTTCC-1_2","1"
"GTCGGGTCAATAGAGT-1_2","1"
"GTCGTAACAGTCGTGC-1_2","1"
"GTCTCGTTCTAACTGG-1_2","1"
"GTGAAGGAGGCGATAC-1_2","1"
"GTGCAGCCATTCACTT-1_2","1"
"GTGTTAGGTTCATGGT-1_2","1"
"GTTAAGCCAAACTGTC-1_2","1"
"GTTCATTAGTACTTGC-1_2","1"
"TAAGCGTGTCTAGGTT-1_2","1"
"TACACGAGTTTGGCGC-1_2","1"
"TACCTTACAAGCCGTC-1_2","1"
"TACGGGCCAATACGCT-1_2","1"
"TAGACCAAGTTGTAGA-1_2","1"
"TAGAGCTGTATTAGCC-1_2","1"
"TAGTGGTTCTTCGAGA-1_2","1"
"TCAATCTAGCTGTCTA-1_2","1"
"TCAGCTCGTGTAACGG-1_2","1"
"TCCCGATGTACGCTGC-1_2","1"
"TCGTAGATCTGTCTAT-1_2","1"
"TCTCATAGTAGGGTAC-1_2","1"
"TCTCTAAAGATGTAAC-1_2","1"
"TCTGAGACATCCGTGG-1_2","1"
"TCTGAGACATGGAATA-1_2","1"
"TCTTTCCCAAACGTGG-1_2","1"
"TGAAAGATCTGTTTGT-1_2","1"
"TGAGAGGTCCGCATCT-1_2","1"
"TGCGCAGAGTACGATA-1_2","1"
"TGCGTGGAGGAACTGC-1_2","1"
"TGGGAAGAGACTAAGT-1_2","1"
"TGTGGTACACGAGGTA-1_2","1"
"TTGAACGTCCCGGATG-1_2","1"
"TTGTAGGGTACCGGCT-1_2","1"
"TTTACTGGTACAGACG-1_2","1"
"TTTGCGCTCAGCACAT-1_2","1"
"TTTGGTTTCAGTTCGA-1_2","1"
"TTTGTCACAGCGTAAG-1_2","1"
