Labels,str_label
AAAGATGTCTGATACG-1_1,1
AAAGTAGCAGGAACGT-1_1,1
AACACGTAGTGATCGG-1_1,1
AACCATGCAATGAAAC-1_1,1
AACCATGCACGGTAGA-1_1,1
AACCATGGTCTCGTTC-1_1,1
AACCATGTCAATCACG-1_1,1
AACGTTGCAGCTCCGA-1_1,1
AACTCAGCACACTGCG-1_1,1
AACTCAGGTACAGACG-1_1,1
AACTCTTCATACTCTT-1_1,1
AACTCTTGTAGATTAG-1_1,1
AACTGGTTCCCTAATT-1_1,1
AACTTTCTCAGGTTCA-1_1,1
AACTTTCTCGTCACGG-1_1,1
AACTTTCTCGTCCAGG-1_1,1
AAGCCGCTCACATGCA-1_1,1
AAGGCAGCAATAGAGT-1_1,1
AAGGCAGGTAGCGCAA-1_1,1
AATCGGTCATGGGAAC-1_1,1
AATCGGTGTTGTACAC-1_1,1
ACACCAACAGTGGAGT-1_1,1
ACACCCTCAGTGGGAT-1_1,1
ACACCCTTCAACTCTT-1_1,1
ACACCGGAGGTCGGAT-1_1,1
ACACTGAAGAGGGATA-1_1,1
ACATACGGTTCTGGTA-1_1,1
ACATCAGCATGCCTTC-1_1,1
ACATCAGGTTTCCACC-1_1,1
ACATGGTTCACATACG-1_1,1
ACCAGTATCTTCGGTC-1_1,1
ACCGTAAAGACATAAC-1_1,1
ACCGTAATCAGTGCAT-1_1,1
ACCTTTAGTCTAGCGC-1_1,1
ACCTTTATCACGACTA-1_1,1
ACGAGGAAGGTGGGTT-1_1,1
ACGAGGACAAGCGAGT-1_1,1
ACGCCAGGTAGCAAAT-1_1,1
ACGCCGAAGGAGTACC-1_1,1
ACGCCGATCGGCATCG-1_1,1
ACGGAGACACGGACAA-1_1,1
ACGGGCTAGCAATCTC-1_1,1
ACGGGCTAGTGGAGTC-1_1,1
ACGGGCTTCATCTGCC-1_1,1
ACGTCAAGTAGCGATG-1_1,1
ACTATCTAGAATGTTG-1_1,1
ACTGAACCACGTAAGG-1_1,1
ACTGAACCACTTACGA-1_1,1
ACTGAACGTCGGGTCT-1_1,1
ACTGAGTGTACAGCAG-1_1,1
ACTGATGGTATAGGTA-1_1,1
ACTGATGTCTATCCCG-1_1,1
ACTGTCCAGCTCAACT-1_1,1
ACTGTCCCACCCTATC-1_1,1
ACTTGTTAGGCAAAGA-1_1,1
AGAATAGAGACAGGCT-1_1,1
AGAGCGAAGGGCATGT-1_1,1
AGAGCGAGTCTAAAGA-1_1,1
AGAGCTTTCCTCTAGC-1_1,1
AGAGCTTTCGTTACAG-1_1,1
AGAGCTTTCTAACTCT-1_1,1
AGATCTGGTCAGAAGC-1_1,1
AGCAGCCCAGCTTCGG-1_1,1
AGCAGCCTCGCACTCT-1_1,1
AGCATACAGTGGTAGC-1_1,1
AGCATACGTGACTCAT-1_1,1
AGCATACTCCATTCTA-1_1,1
AGCCTAATCAGAGACG-1_1,1
AGCGTATCATTGAGCT-1_1,1
AGCTCCTCAGGGAGAG-1_1,1
AGCTCTCAGCTAACAA-1_1,1
AGCTCTCAGGTGACCA-1_1,1
AGGGATGAGTAACCCT-1_1,1
AGGTCATGTAAGGGAA-1_1,1
AGGTCATGTTTGTGTG-1_1,1
AGGTCCGCACTTCGAA-1_1,1
AGGTCCGGTGACCAAG-1_1,1
AGTAGTCCATACTCTT-1_1,1
AGTGGGACAGGTTTCA-1_1,1
AGTGGGACATCACCCT-1_1,1
AGTTGGTAGCCAGAAC-1_1,1
ATAAGAGAGGAACTGC-1_1,1
ATAAGAGTCTTCCTTC-1_1,1
ATAGACCAGATGTGGC-1_1,1
ATCACGAAGATATGCA-1_1,1
ATCCACCTCGTATCAG-1_1,1
ATCCGAAAGATGGCGT-1_1,1
ATCTACTAGACTTTCG-1_1,1
ATCTGCCGTCTTCAAG-1_1,1
ATGAGGGGTCCAAGTT-1_1,1
ATGCGATGTCGAGATG-1_1,1
ATGGGAGAGTCTCGGC-1_1,1
ATGTGTGGTACCGTAT-1_1,1
ATGTGTGGTGTATGGG-1_1,1
ATGTGTGTCCGCATAA-1_1,1
ATTACTCTCCCAAGAT-1_1,1
ATTCTACAGACGACGT-1_1,1
ATTTCTGAGCCCAACC-1_1,1
CAACCAACAACTGGCC-1_1,1
CAACCTCCAGATGGGT-1_1,1
CAAGTTGTCAGGTTCA-1_1,1
CACAAACTCCAATGGT-1_1,1
CACACAAGTCATGCAT-1_1,1
CACACAAGTCCAGTAT-1_1,1
CACACTCAGGGTCTCC-1_1,1
CACACTCGTCCCTACT-1_1,1
CACACTCTCATTGCGA-1_1,1
CACACTCTCCCATTTA-1_1,1
CACAGGCTCAGAAATG-1_1,1
CACAGGCTCGGTCCGA-1_1,1
CACAGTAGTAGCGCTC-1_1,1
CACATAGTCAGGCAAG-1_1,1
CACATTTCACGACGAA-1_1,1
CACCTTGCACAGTCGC-1_1,1
CACCTTGGTGATAAAC-1_1,1
CACCTTGTCTCAAGTG-1_1,1
CACTCCAAGGAATTAC-1_1,1
CACTCCATCGTAGATC-1_1,1
CAGAATCTCTTCCTTC-1_1,1
CAGCTGGTCTGCTGTC-1_1,1
CAGTAACAGCCCAATT-1_1,1
CATATGGTCGGCGCAT-1_1,1
CATCAAGAGGGCACTA-1_1,1
CATCAAGTCATCGATG-1_1,1
CATCCACCAAGACGTG-1_1,1
CATCCACCACATTTCT-1_1,1
CATGACATCTGAAAGA-1_1,1
CCACCTACATCCGTGG-1_1,1
CCACCTACATGGTAGG-1_1,1
CCACCTAGTTCATGGT-1_1,1
CCACCTATCACATGCA-1_1,1
CCACGGACATTTGCCC-1_1,1
CCATTCGTCAATAAGG-1_1,1
CCATTCGTCGAATCCA-1_1,1
CCCAGTTCACCCTATC-1_1,1
CCCAGTTCATACGCCG-1_1,1
CCCTCCTCACAACTGT-1_1,1
CCCTCCTGTAACGTTC-1_1,1
CCCTCCTGTACCGTAT-1_1,1
CCCTCCTGTACGCTGC-1_1,1
CCGGGATAGCCAGTTT-1_1,1
CCGTGGACAGTTTACG-1_1,1
CCGTGGAGTCATCGGC-1_1,1
CCGTTCATCGTCACGG-1_1,1
CCTAAAGAGATCGGGT-1_1,1
CCTAAAGCATGTTCCC-1_1,1
CCTACCACATGCTAGT-1_1,1
CCTAGCTGTGCTGTAT-1_1,1
CCTCAGTGTTAGGGTG-1_1,1
CCTCAGTTCTCACATT-1_1,1
CCTCTGAAGTTATCGC-1_1,1
CCTCTGACACACATGT-1_1,1
CCTTACGGTACATGTC-1_1,1
CCTTACGGTACCGGCT-1_1,1
CCTTTCTAGGCATTGG-1_1,1
CCTTTCTCACGGCCAT-1_1,1
CGAACATTCTAACTGG-1_1,1
CGAATGTAGATATACG-1_1,1
CGAATGTCACCGCTAG-1_1,1
CGAATGTGTTACGACT-1_1,1
CGACCTTGTCAGTGGA-1_1,1
CGAGAAGGTGTTTGGT-1_1,1
CGAGCACAGAGGACGG-1_1,1
CGATCGGCAAAGTGCG-1_1,1
CGATCGGTCCGAGCCA-1_1,1
CGATGGCGTATCACCA-1_1,1
CGATGGCGTCTAGTGT-1_1,1
CGATGTAGTCATGCAT-1_1,1
CGATGTATCTCCAGGG-1_1,1
CGATTGACAAGTAATG-1_1,1
CGATTGACAGAGCCAA-1_1,1
CGATTGATCACATGCA-1_1,1
CGCGGTATCAGCTGGC-1_1,1
CGCTATCTCAACGGGA-1_1,1
CGCTGGAAGTGTCCCG-1_1,1
CGCTTCATCACAAACC-1_1,1
CGGACTGTCTTCTGGC-1_1,1
CGGAGCTTCTACTCAT-1_1,1
CGGTTAAAGGGTTTCT-1_1,1
CGTAGCGCAGTCAGCC-1_1,1
CGTAGCGGTCAAAGAT-1_1,1
CGTAGGCAGCTTCGCG-1_1,1
CGTAGGCTCCTGTACC-1_1,1
CGTCACTTCGTATCAG-1_1,1
CGTCAGGGTGCACTTA-1_1,1
CGTCAGGGTTAAAGTG-1_1,1
CGTCCATGTCCGAGTC-1_1,1
CGTCCATGTTCAGACT-1_1,1
CGTCCATTCTTGTATC-1_1,1
CGTCTACCAAACTGCT-1_1,1
CGTCTACTCAACGAAA-1_1,1
CGTCTACTCCGCGTTT-1_1,1
CGTTAGAAGCCTCGTG-1_1,1
CTAACTTGTGTGGTTT-1_1,1
CTAATGGGTGTAAGTA-1_1,1
CTACACCTCATCTGTT-1_1,1
CTACACCTCGCCGTGA-1_1,1
CTACATTAGTGGCACA-1_1,1
CTACATTAGTTGTAGA-1_1,1
CTACATTTCTGTCCGT-1_1,1
CTACCCAGTAAGCACG-1_1,1
CTACCCATCACGAAGG-1_1,1
CTACGTCCAACGATCT-1_1,1
CTACGTCCATGGAATA-1_1,1
CTACGTCGTTACGTCA-1_1,1
CTAGAGTGTCCCGACA-1_1,1
CTAGCCTCAATCCAAC-1_1,1
CTAGCCTTCCGATATG-1_1,1
CTCACACCATCTCCCA-1_1,1
CTCACACTCAGTGTTG-1_1,1
CTCATTACATGATCCA-1_1,1
CTCGAAAGTCCAACTA-1_1,1
CTCGAGGCATCGATGT-1_1,1
CTCGGAGCATTCTTAC-1_1,1
CTCGGGAGTCTCAACA-1_1,1
CTCGTACAGGTGGGTT-1_1,1
CTCTAATCAAGCGTAG-1_1,1
CTCTACGAGCGCCTTG-1_1,1
CTCTGGTAGACTAGAT-1_1,1
CTCTGGTAGCAGGCTA-1_1,1
CTCTGGTCAACCGCCA-1_1,1
CTGAAACGTCTCACCT-1_1,1
CTGATCCCAAACTGCT-1_1,1
CTGCCTATCAGCCTAA-1_1,1
CTGCGGACATTGAGCT-1_1,1
CTGCGGATCCCAGGTG-1_1,1
CTGCTGTGTCATGCCG-1_1,1
CTGGTCTCAATCGAAA-1_1,1
CTGTGCTAGTAGGCCA-1_1,1
CTGTGCTCAAGGTTCT-1_1,1
CTGTGCTCACATAACC-1_1,1
CTGTGCTTCGTCTGCT-1_1,1
CTGTGCTTCTGAGTGT-1_1,1
CTGTTTACATCGACGC-1_1,1
CTTAACTAGCGTAATA-1_1,1
CTTAACTCACAGGAGT-1_1,1
CTTAACTTCATATCGG-1_1,1
CTTACCGAGCTTCGCG-1_1,1
CTTAGGATCCTAAGTG-1_1,1
CTTCTCTCACTTCTGC-1_1,1
CTTGGCTCAGAAGCAC-1_1,1
CTTGGCTGTGAGGCTA-1_1,1
CTTTGCGGTTGGTAAA-1_1,1
GAAACTCTCTCCGGTT-1_1,1
GAACATCCAAGCCGCT-1_1,1
GAACCTAGTACTCGCG-1_1,1
GAACCTAGTTGGTAAA-1_1,1
GAACGGAGTGTGCCTG-1_1,1
GAACGGATCTGTCTAT-1_1,1
GAAGCAGCAGCGTTCG-1_1,1
GAAGCAGTCAGCATGT-1_1,1
GAATAAGAGTCAATAG-1_1,1
GAATGAACAAGCCCAC-1_1,1
GACACGCAGTCAATAG-1_1,1
GACACGCCACAGACTT-1_1,1
GACCTGGAGACCCACC-1_1,1
GACCTGGAGGTGCTTT-1_1,1
GACCTGGTCTTTAGTC-1_1,1
GACGTTAAGGATCGCA-1_1,1
GACGTTAGTAATAGCA-1_1,1
GACGTTATCTGCTGTC-1_1,1
GACTAACAGTATCTCG-1_1,1
GACTACAGTCAATACC-1_1,1
GACTGCGGTCTACCTC-1_1,1
GAGCAGAAGTGCAAGC-1_1,1
GAGGTGAAGACGCACA-1_1,1
GATCAGTAGAGTGACC-1_1,1
GATCAGTAGGTAGCTG-1_1,1
GATCGTAAGCTGCAAG-1_1,1
GATCTAGCAGCTTCGG-1_1,1
GATGAAAGTGCAACTT-1_1,1
GATGCTACAAAGGCGT-1_1,1
GATTCAGCAAGCGTAG-1_1,1
GATTCAGCAGCGAACA-1_1,1
GCAAACTCATAGGATA-1_1,1
GCAATCATCAGTCCCT-1_1,1
GCAATCATCTGCTTGC-1_1,1
GCACATATCTACTCAT-1_1,1
GCACTCTCAAGTAATG-1_1,1
GCACTCTTCTTAGAGC-1_1,1
GCACTCTTCTTTACGT-1_1,1
GCAGCCAGTCCAGTAT-1_1,1
GCAGCCAGTTGGTGGA-1_1,1
GCATGCGAGGTGCTAG-1_1,1
GCATGCGCATGTTGAC-1_1,1
GCATGCGTCTCTTGAT-1_1,1
GCCTCTAAGAATCTCC-1_1,1
GCGACCAAGAGTAATC-1_1,1
GCGACCATCGGCGCAT-1_1,1
GCGCAACAGCTGTCTA-1_1,1
GCGCAACAGGAGTTTA-1_1,1
GCGCAACTCATCGGAT-1_1,1
GCGCAGTAGGAATGGA-1_1,1
GCGCCAAGTAATTGGA-1_1,1
GCGGGTTAGAAACGAG-1_1,1
GCTCCTATCTGACCTC-1_1,1
GCTCTGTGTCCGTTAA-1_1,1
GCTCTGTGTGGGTCAA-1_1,1
GCTGCAGTCTCTGAGA-1_1,1
GCTGCTTAGAGTGAGA-1_1,1
GCTTCCAAGAAAGTGG-1_1,1
GCTTCCATCTCACATT-1_1,1
GGAAAGCAGCTGGAAC-1_1,1
GGAAAGCAGGAGTTTA-1_1,1
GGAACTTTCTGTCCGT-1_1,1
GGACAAGCATACGCCG-1_1,1
GGACAAGGTTGTCGCG-1_1,1
GGACAAGTCCTAGGGC-1_1,1
GGACAGAGTGTTGAGG-1_1,1
GGAGCAAGTTTGGCGC-1_1,1
GGATGTTGTGATAAAC-1_1,1
GGCAATTGTAAGAGGA-1_1,1
GGCCGATGTAAGAGGA-1_1,1
GGCGACTGTAAATGTG-1_1,1
GGCGACTTCTCCAGGG-1_1,1
GGCGTGTGTCGCTTCT-1_1,1
GGCGTGTGTGGTGTAG-1_1,1
GGCTCGAAGCAGCGTA-1_1,1
GGCTCGATCTTTCCTC-1_1,1
GGCTGGTCATGCCTTC-1_1,1
GGGACCTCAGCCAGAA-1_1,1
GGGAGATCATGGTCTA-1_1,1
GGGATGATCATCATTC-1_1,1
GGGCATCAGTGTTGAA-1_1,1
GGGCATCGTAATAGCA-1_1,1
GGGTTGCGTCATATCG-1_1,1
GGGTTGCTCTGCTGCT-1_1,1
GGTATTGTCAGCGATT-1_1,1
GGTATTGTCCACTCCA-1_1,1
GGTGTTACACGAAGCA-1_1,1
GGTGTTAGTGGGTCAA-1_1,1
GTAACGTCATTGGCGC-1_1,1
GTACTCCCACCAGCAC-1_1,1
GTACTCCGTCAGCTAT-1_1,1
GTACTTTTCTCTGTCG-1_1,1
GTAGGCCCAAATACAG-1_1,1
GTAGGCCGTCCGACGT-1_1,1
GTATTCTGTCGTGGCT-1_1,1
GTCAAGTGTTATGTGC-1_1,1
GTCACAATCCCAAGAT-1_1,1
GTCGGGTGTCGCGAAA-1_1,1
GTCTTCGAGCTGTTCA-1_1,1
GTCTTCGGTCACACGC-1_1,1
GTCTTCGGTCGGGTCT-1_1,1
GTGAAGGTCAAGATCC-1_1,1
GTGCATAAGAATGTTG-1_1,1
GTGCATAAGCATCATC-1_1,1
GTGCATAGTACGACCC-1_1,1
GTGCATATCCGTACAA-1_1,1
GTGCGGTGTGCAACGA-1_1,1
GTGCTTCTCAAAGTAG-1_1,1
GTGCTTCTCTTAGAGC-1_1,1
GTGGGTCAGTTATCGC-1_1,1
GTGGGTCTCCGTTGTC-1_1,1
GTGTGCGTCCGTTGCT-1_1,1
GTTAAGCTCCTCAATT-1_1,1
GTTCATTAGAAGATTC-1_1,1
GTTTCTAGTTGGAGGT-1_1,1
TAAACCGCAACAACCT-1_1,1
TAAACCGGTCCTCCAT-1_1,1
TAAACCGTCTTGTTTG-1_1,1
TAAGTGCCAGACACTT-1_1,1
TACACGACAGCCACCA-1_1,1
TACAGTGCACATCCAA-1_1,1
TACCTATTCACTTACT-1_1,1
TACCTTAGTAAGAGGA-1_1,1
TACCTTAGTCTAGGTT-1_1,1
TACGGATGTCTTCTCG-1_1,1
TACGGTACACTAAGTC-1_1,1
TACGGTACATCTATGG-1_1,1
TACGGTATCCATGAGT-1_1,1
TACTCATTCTGTTGAG-1_1,1
TACTCGCGTGTAACGG-1_1,1
TACTTACAGATGTAAC-1_1,1
TACTTACCAAGCTGGA-1_1,1
TACTTGTAGGTGCAAC-1_1,1
TAGCCGGAGTGCGATG-1_1,1
TAGCCGGGTGCAACGA-1_1,1
TAGCCGGTCCGAACGC-1_1,1
TAGGCATCAAACGCGA-1_1,1
TAGGCATCACCTATCC-1_1,1
TAGGCATGTACCTACA-1_1,1
TAGTGGTAGATCGGGT-1_1,1
TAGTGGTGTCAGAATA-1_1,1
TAGTGGTTCCAAATGC-1_1,1
TAGTTGGAGGTGATAT-1_1,1
TATCTCAAGATGTCGG-1_1,1
TATGCCCAGCTAGGCA-1_1,1
TATGCCCTCACAGTAC-1_1,1
TCAACGATCAGGATCT-1_1,1
TCAATCTAGCCAGGAT-1_1,1
TCAATCTCAGCTATTG-1_1,1
TCACAAGTCATCATTC-1_1,1
TCACGAACACTACAGT-1_1,1
TCATTACCACGAGGTA-1_1,1
TCATTTGAGCCCAGCT-1_1,1
TCCACACAGGGTGTGT-1_1,1
TCCACACGTTTGGGCC-1_1,1
TCCCGATCAAGCCCAC-1_1,1
TCGAGGCAGTCGTTTG-1_1,1
TCGCGAGAGAAGAAGC-1_1,1
TCGCGAGGTTCGTTGA-1_1,1
TCGTACCGTTAGATGA-1_1,1
TCTATTGCAGCCAGAA-1_1,1
TCTATTGGTAGAAAGG-1_1,1
TCTATTGTCTGGCGAC-1_1,1
TCTCATACATTCTCAT-1_1,1
TCTCATAGTCAGAAGC-1_1,1
TCTCTAAAGGCTAGCA-1_1,1
TCTCTAACAGACGCTC-1_1,1
TCTCTAATCAACGCTA-1_1,1
TCTCTAATCGACCAGC-1_1,1
TCTCTAATCGCTAGCG-1_1,1
TCTGAGAAGCTAAGAT-1_1,1
TCTTCGGAGAAAGTGG-1_1,1
TCTTTCCAGACTACAA-1_1,1
TCTTTCCGTAATCACC-1_1,1
TCTTTCCTCCGAACGC-1_1,1
TGAAAGAAGCTTATCG-1_1,1
TGAAAGACATCGACGC-1_1,1
TGAAAGATCACTCTTA-1_1,1
TGACAACGTAAGGGCT-1_1,1
TGACTTTAGACATAAC-1_1,1
TGACTTTAGAGTTGGC-1_1,1
TGACTTTAGTTAACGA-1_1,1
TGAGCATAGTCGTACT-1_1,1
TGAGCCGGTAGCAAAT-1_1,1
TGAGCCGTCAAGGTAA-1_1,1
TGAGGGATCCAAAGTC-1_1,1
TGATTTCCATTAACCG-1_1,1
TGATTTCGTAGGACAC-1_1,1
TGCACCTGTGTGACGA-1_1,1
TGCCAAAAGTCATCCA-1_1,1
TGCCAAACAAGTCTAC-1_1,1
TGCCAAACAATACGCT-1_1,1
TGCCCATCAATGGACG-1_1,1
TGCCCTATCGCAGGCT-1_1,1
TGCGCAGCAGTCCTTC-1_1,1
TGCGCAGCATCACGTA-1_1,1
TGCGTGGGTCGAATCT-1_1,1
TGCTGCTAGTGTACGG-1_1,1
TGCTGCTGTATGAAAC-1_1,1
TGGACGCTCTCACATT-1_1,1
TGGCGCAGTCTAAAGA-1_1,1
TGGCTGGCATACTCTT-1_1,1
TGGGCGTAGAAACGCC-1_1,1
TGGGCGTGTTAGAACA-1_1,1
TGGTTAGAGGCATGTG-1_1,1
TGTCCCAAGACACTAA-1_1,1
TGTGGTACAGTATGCT-1_1,1
TGTGGTAGTAGGAGTC-1_1,1
TGTGGTATCGGATGTT-1_1,1
TGTGTTTAGATACACA-1_1,1
TGTTCCGCACATGTGT-1_1,1
TTAACTCAGAGCTATA-1_1,1
TTAACTCGTAGCCTCG-1_1,1
TTAGGACAGCGTCTAT-1_1,1
TTAGGACTCATGCATG-1_1,1
TTAGGCATCCTAAGTG-1_1,1
TTAGTTCGTCAATGTC-1_1,1
TTCCCAGAGATATACG-1_1,1
TTCGAAGAGCTGAAAT-1_1,1
TTCGGTCAGATTACCC-1_1,1
TTCTCAAGTTCCATGA-1_1,1
TTCTCAATCTAACTGG-1_1,1
TTGACTTGTACATCCA-1_1,1
TTGACTTTCATAACCG-1_1,1
TTGCGTCCACTGTTAG-1_1,1
TTGCGTCTCAACACGT-1_1,1
TTGGAACGTTATCCGA-1_1,1
TTGGCAAGTCTCTTTA-1_1,1
TTGTAGGAGATATACG-1_1,1
TTGTAGGGTAGCAAAT-1_1,1
TTTCCTCCAAAGCAAT-1_1,1
TTTGCGCGTAAGGATT-1_1,1
TTTGGTTCACAACGCC-1_1,1
TTTGGTTGTTGAGTTC-1_1,1
AAACCTGGTCACTTCC-1_2,0
AAACCTGTCATCTGTT-1_2,0
AAACGGGGTCAAACTC-1_2,0
AAACGGGGTCTGCGGT-1_2,0
AAAGATGAGTCCAGGA-1_2,0
AAAGATGAGTGGAGAA-1_2,0
AAAGATGCACGGCCAT-1_2,0
AAAGATGTCAAACGGG-1_2,0
AAAGCAATCGAATGCT-1_2,0
AAAGCAATCTTGCAAG-1_2,0
AAATGCCAGTGTTAGA-1_2,0
AAATGCCCACTGTGTA-1_2,0
AAATGCCCAGGCGATA-1_2,0
AAATGCCGTAATCACC-1_2,0
AACACGTCAGTCACTA-1_2,0
AACACGTCATCGGTTA-1_2,0
AACACGTTCGCCTGTT-1_2,0
AACACGTTCGGACAAG-1_2,0
AACCATGGTCGCCATG-1_2,0
AACCGCGGTCCTCCAT-1_2,0
AACGTTGCACCGTTGG-1_2,0
AACGTTGTCGCAAACT-1_2,0
AACTCAGAGACAATAC-1_2,0
AACTCAGAGATGTGGC-1_2,0
AACTCAGAGCTGCGAA-1_2,0
AACTCAGAGTACGCCC-1_2,0
AACTCAGAGTGTTGAA-1_2,0
AACTCAGTCACGATGT-1_2,0
AACTCAGTCGCGGATC-1_2,0
AACTCAGTCGGCTTGG-1_2,0
AACTCCCAGTTGAGTA-1_2,0
AACTCCCCAGACACTT-1_2,0
AACTCTTAGGAGTAGA-1_2,0
AACTCTTGTCAACATC-1_2,0
AACTCTTTCATGCTCC-1_2,0
AACTTTCAGCCAGAAC-1_2,0
AACTTTCGTATAATGG-1_2,0
AAGACCTCACGCGAAA-1_2,0
AAGACCTCATGAAGTA-1_2,0
AAGACCTGTGACTCAT-1_2,0
AAGCCGCGTACTCGCG-1_2,0
AAGCCGCGTTACTGAC-1_2,0
AAGGCAGTCTCCCTGA-1_2,0
AAGGTTCGTATTCGTG-1_2,0
AATCGGTCAAGGTTTC-1_2,0
AATCGGTTCTTCTGGC-1_2,0
ACACCAACAGCTTAAC-1_2,0
ACACCCTCATACTACG-1_2,0
ACACCGGGTCTCGTTC-1_2,0
ACACTGAAGGTGACCA-1_2,0
ACACTGACATGGTCAT-1_2,0
ACACTGAGTAAGTTCC-1_2,0
ACAGCCGAGATTACCC-1_2,0
ACAGCCGAGTGGGATC-1_2,0
ACAGCCGAGTTCGATC-1_2,0
ACAGCTACATTCTTAC-1_2,0
ACATACGCACACCGCA-1_2,0
ACATACGGTCATTAGC-1_2,0
ACATACGTCGCAGGCT-1_2,0
ACATCAGCACCAGATT-1_2,0
ACATGGTCACGTCTCT-1_2,0
ACATGGTGTAGCTGCC-1_2,0
ACATGGTTCTGCGACG-1_2,0
ACATGGTTCTGGGCCA-1_2,0
ACCAGTAAGGCCGAAT-1_2,0
ACCAGTAAGGGTGTTG-1_2,0
ACCAGTAGTTATCACG-1_2,0
ACCAGTATCGGCGCTA-1_2,0
ACCCACTAGTAGGTGC-1_2,0
ACCCACTGTTCCACTC-1_2,0
ACCGTAAGTCTCTTAT-1_2,0
ACGAGGACAACACCTA-1_2,0
ACGAGGATCTAACTGG-1_2,0
ACGATACAGCGTGTCC-1_2,0
ACGATACAGGAATCGC-1_2,0
ACGATACAGGCGTACA-1_2,0
ACGATACCACAACTGT-1_2,0
ACGATACGTACAGCAG-1_2,0
ACGATACGTTCAGGCC-1_2,0
ACGATGTGTTCAGCGC-1_2,0
ACGCAGCAGGGCTTCC-1_2,0
ACGCAGCGTATAGGTA-1_2,0
ACGCAGCGTCTCCATC-1_2,0
ACGCAGCTCATCGGAT-1_2,0
ACGCAGCTCTGAAAGA-1_2,0
ACGCCAGGTACTTAGC-1_2,0
ACGCCGAAGAAGGCCT-1_2,0
ACGCCGACAATCGAAA-1_2,0
ACGCCGACATGGTCAT-1_2,0
ACGCCGATCCAGAAGG-1_2,0
ACGGAGATCAACGAAA-1_2,0
ACGGAGATCTGGGCCA-1_2,0
ACGGCCAAGATCGGGT-1_2,0
ACGGGTCAGGCTCTTA-1_2,0
ACGGGTCGTGAGGGTT-1_2,0
ACTATCTAGTACGTAA-1_2,0
ACTATCTGTGACCAAG-1_2,0
ACTATCTGTGACGCCT-1_2,0
ACTGAGTAGAAACGAG-1_2,0
ACTGATGCAGGTTTCA-1_2,0
ACTGCTCTCCATGAGT-1_2,0
ACTGTCCAGCTGCCCA-1_2,0
ACTGTCCCATCCCATC-1_2,0
ACTGTCCCATTATCTC-1_2,0
ACTGTCCTCTCGTTTA-1_2,0
ACTGTCCTCTGTCCGT-1_2,0
ACTTGTTAGTGTGAAT-1_2,0
ACTTTCAAGGTCGGAT-1_2,0
ACTTTCACACGGACAA-1_2,0
ACTTTCACATATACCG-1_2,0
ACTTTCATCACATACG-1_2,0
AGAATAGAGGTGCAAC-1_2,0
AGACGTTCATGTAGTC-1_2,0
AGACGTTGTCTGGTCG-1_2,0
AGACGTTTCATCGATG-1_2,0
AGAGCGACAATAGCAA-1_2,0
AGAGCGACACAGACTT-1_2,0
AGAGCTTCACAAGCCC-1_2,0
AGAGCTTCAGTAGAGC-1_2,0
AGAGCTTTCTCACATT-1_2,0
AGAGCTTTCTTTAGGG-1_2,0
AGATCTGAGGAGTACC-1_2,0
AGATCTGCACATGACT-1_2,0
AGATTGCAGTAGATGT-1_2,0
AGATTGCCAGGAATCG-1_2,0
AGCAGCCAGGACTGGT-1_2,0
AGCAGCCAGGGCTTGA-1_2,0
AGCATACGTCGTGGCT-1_2,0
AGCCTAAAGAGAGCTC-1_2,0
AGCGGTCAGAGACTTA-1_2,0
AGCGTATCACGCCAGT-1_2,0
AGCTCCTAGGAGCGAG-1_2,0
AGCTCCTTCAGAGACG-1_2,0
AGCTTGAAGCAGGCTA-1_2,0
AGCTTGACACCGGAAA-1_2,0
AGCTTGAGTTCCACGG-1_2,0
AGGCCACAGGATGCGT-1_2,0
AGGCCACTCCGCGGTA-1_2,0
AGGCCGTTCCTTCAAT-1_2,0
AGGGAGTAGGCCCGTT-1_2,0
AGGGATGAGATGTGGC-1_2,0
AGGGATGGTGCTGTAT-1_2,0
AGGGATGGTTCCCGAG-1_2,0
AGGTCATAGTGGTCCC-1_2,0
AGGTCCGCAACACGCC-1_2,0
AGGTCCGGTGCACGAA-1_2,0
AGGTCCGGTGGGTATG-1_2,0
AGTAGTCTCCCTCTTT-1_2,0
AGTCTTTAGTGAACAT-1_2,0
AGTCTTTGTACTTGAC-1_2,0
AGTGAGGAGAAGAAGC-1_2,0
AGTGAGGAGGTCGGAT-1_2,0
AGTGAGGCAAGCCGTC-1_2,0
AGTGTCAGTAAGCACG-1_2,0
AGTGTCAGTCTAGCCG-1_2,0
AGTTGGTCACTTAACG-1_2,0
ATAACGCAGTACGACG-1_2,0
ATAACGCAGTCCGTAT-1_2,0
ATAACGCGTGTTCGAT-1_2,0
ATAAGAGCACAGGTTT-1_2,0
ATAAGAGCAGCCAATT-1_2,0
ATCACGAAGTGTACGG-1_2,0
ATCATCTCAGGAATCG-1_2,0
ATCATCTTCACAACGT-1_2,0
ATCATGGAGGTAGCTG-1_2,0
ATCATGGTCTGAGGGA-1_2,0
ATCCACCAGACAGACC-1_2,0
ATCCACCGTTAGGGTG-1_2,0
ATCCGAACAAGCGCTC-1_2,0
ATCTACTCAAGTTGTC-1_2,0
ATCTACTTCGGGAGTA-1_2,0
ATGAGGGGTCATCCCT-1_2,0
ATGGGAGGTCTCATCC-1_2,0
ATGTGTGCATCCGGGT-1_2,0
ATGTGTGGTTCCAACA-1_2,0
ATTACTCAGCGTCAAG-1_2,0
ATTACTCGTCGGATCC-1_2,0
ATTCTACAGAACAACT-1_2,0
ATTCTACAGATGGCGT-1_2,0
ATTGGTGCACCCATGG-1_2,0
ATTGGTGTCAGTTGAC-1_2,0
ATTGGTGTCTAACTCT-1_2,0
ATTTCTGCAAGAGTCG-1_2,0
ATTTCTGCACGAAATA-1_2,0
ATTTCTGGTCCAGTGC-1_2,0
ATTTCTGTCTTGTCAT-1_2,0
CAACCAAGTCGACTAT-1_2,0
CAACTAGCATGTCTCC-1_2,0
CAACTAGTCGTCTGCT-1_2,0
CAACTAGTCTGAGTGT-1_2,0
CAAGATCCAAGTAGTA-1_2,0
CAAGATCGTCCTAGCG-1_2,0
CAAGATCGTGATGCCC-1_2,0
CAAGGCCAGCCACGTC-1_2,0
CAAGGCCGTCAAACTC-1_2,0
CAAGTTGTCAGAGGTG-1_2,0
CACAAACAGACATAAC-1_2,0
CACAAACTCAGTGCAT-1_2,0
CACACCTGTAGCGTCC-1_2,0
CACACTCAGTTGCAGG-1_2,0
CACACTCTCATTATCC-1_2,0
CACAGGCGTTTGGGCC-1_2,0
CACAGTATCTACCTGC-1_2,0
CACATAGGTACTCTCC-1_2,0
CACATAGGTGTGGCTC-1_2,0
CACATAGTCCAAGCCG-1_2,0
CACATTTCACCGAAAG-1_2,0
CACATTTGTACTCAAC-1_2,0
CACCAGGCAGCTCCGA-1_2,0
CACCAGGCATGCCTTC-1_2,0
CACCTTGAGTCGATAA-1_2,0
CACCTTGCACCTATCC-1_2,0
CACCTTGCATCGATTG-1_2,0
CACTCCAAGAGCAATT-1_2,0
CACTCCACACGTGAGA-1_2,0
CAGAATCCAGAGTGTG-1_2,0
CAGAATCCAGCTTCGG-1_2,0
CAGAATCTCCCGGATG-1_2,0
CAGAATCTCTTCAACT-1_2,0
CAGAGAGAGCTAACAA-1_2,0
CAGAGAGCATATGCTG-1_2,0
CAGAGAGTCGCCCTTA-1_2,0
CAGATCAAGCACCGCT-1_2,0
CAGCATACACAGTCGC-1_2,0
CAGCATATCTGCGTAA-1_2,0
CAGCCGAAGATAGCAT-1_2,0
CAGCCGAGTAATAGCA-1_2,0
CAGCCGAGTCCATCCT-1_2,0
CAGCGACCATATGCTG-1_2,0
CAGCGACTCTGCAGTA-1_2,0
CAGCTAACATCCTTGC-1_2,0
CAGCTAAGTCCGAGTC-1_2,0
CAGCTAAGTGAGTGAC-1_2,0
CAGCTGGAGCTGCGAA-1_2,0
CAGGTGCAGAAACCTA-1_2,0
CAGGTGCTCCGCAAGC-1_2,0
CAGTCCTGTACCGTTA-1_2,0
CAGTCCTTCAGAAATG-1_2,0
CAGTCCTTCCAGTAGT-1_2,0
CATATTCTCCTACAGA-1_2,0
CATCAAGGTCTCGTTC-1_2,0
CATCAAGTCGTAGGTT-1_2,0
CATCAAGTCTTGGGTA-1_2,0
CATCAGAAGGAGTCTG-1_2,0
CATCAGAGTGGACGAT-1_2,0
CATCCACGTAGCGCAA-1_2,0
CATCCACGTAGTACCT-1_2,0
CATCGGGGTAGATTAG-1_2,0
CATGACACACAACGTT-1_2,0
CATGACACATGCAACT-1_2,0
CATGACAGTCACCCAG-1_2,0
CATGCCTAGGTAGCTG-1_2,0
CATGGCGCACCACGTG-1_2,0
CATTATCAGCGTGAGT-1_2,0
CATTATCCACCGAATT-1_2,0
CATTATCTCCTGTAGA-1_2,0
CATTATCTCTTCAACT-1_2,0
CATTCGCTCAAGAAGT-1_2,0
CCAATCCAGGCTATCT-1_2,0
CCAATCCCAGTTAACC-1_2,0
CCAATCCTCTCGGACG-1_2,0
CCACCTAAGTAGCCGA-1_2,0
CCACCTATCCAATGGT-1_2,0
CCACCTATCTGTCTCG-1_2,0
CCACTACAGCCACCTG-1_2,0
CCACTACCACCGAAAG-1_2,0
CCACTACCATCCCATC-1_2,0
CCACTACCATGCTAGT-1_2,0
CCACTACTCGAGAGCA-1_2,0
CCAGCGAAGTATTGGA-1_2,0
CCAGCGAAGTGGGCTA-1_2,0
CCAGCGACAGTCGTGC-1_2,0
CCAGCGATCTTTAGGG-1_2,0
CCCAATCAGTTTAGGA-1_2,0
CCCAATCCAGACAAGC-1_2,0
CCCAATCGTCCGAACC-1_2,0
CCCAGTTGTTATTCTC-1_2,0
CCCATACGTCCGTTAA-1_2,0
CCCTCCTCAAATCCGT-1_2,0
CCCTCCTTCTGCCCTA-1_2,0
CCGGGATCAGGGTTAG-1_2,0
CCGGGATCATCGGGTC-1_2,0
CCGGGATGTCAAACTC-1_2,0
CCGGTAGCAATTGCTG-1_2,0
CCGTACTAGATGGGTC-1_2,0
CCGTACTCAGTTCATG-1_2,0
CCGTACTGTAAGCACG-1_2,0
CCGTGGAGTACCGTTA-1_2,0
CCGTTCAAGAAGGTTT-1_2,0
CCTAAAGAGTATGACA-1_2,0
CCTAAAGGTATTACCG-1_2,0
CCTAAAGGTCTAACGT-1_2,0
CCTACACGTGTTTGGT-1_2,0
CCTACACTCGCTGATA-1_2,0
CCTACCACAATGGATA-1_2,0
CCTAGCTAGCCCAACC-1_2,0
CCTAGCTAGCTCTCGG-1_2,0
CCTAGCTGTCTTTCAT-1_2,0
CCTATTATCCTTAATC-1_2,0
CCTCAGTAGCCTTGAT-1_2,0
CCTCAGTTCCACGTTC-1_2,0
CCTCTGAAGAGTAAGG-1_2,0
CCTCTGATCTGTTGAG-1_2,0
CCTTCCCCAACTGGCC-1_2,0
CCTTCCCTCTGACCTC-1_2,0
CCTTCGATCGAATGCT-1_2,0
CCTTCGATCGGCCGAT-1_2,0
CCTTTCTCAATGGTCT-1_2,0
CCTTTCTCACCGATAT-1_2,0
CGAACATGTTATCCGA-1_2,0
CGAACATTCTTTACAC-1_2,0
CGACTTCGTAAGAGAG-1_2,0
CGACTTCGTAATTGGA-1_2,0
CGAGCACAGACGCTTT-1_2,0
CGAGCACAGCCATCGC-1_2,0
CGAGCACAGTATTGGA-1_2,0
CGAGCACCACGGCTAC-1_2,0
CGATCGGAGTACGATA-1_2,0
CGATCGGTCAATCACG-1_2,0
CGATGGCCAAAGAATC-1_2,0
CGATGGCGTTGAGGTG-1_2,0
CGATGTAAGACGCTTT-1_2,0
CGATGTACACCATCCT-1_2,0
CGATGTACATCTGGTA-1_2,0
CGATTGAAGGGATACC-1_2,0
CGATTGAAGGTACTCT-1_2,0
CGATTGACAGGGTATG-1_2,0
CGATTGAGTTAAAGTG-1_2,0
CGATTGAGTTGAGTTC-1_2,0
CGCCAAGAGGTGCACA-1_2,0
CGCCAAGGTTGCCTCT-1_2,0
CGCCAAGTCACCATAG-1_2,0
CGCGTTTAGTGGCACA-1_2,0
CGCTATCGTTCCGGCA-1_2,0
CGCTTCACATGTTGAC-1_2,0
CGCTTCAGTCTAGCCG-1_2,0
CGGACACTCCTCAATT-1_2,0
CGGACGTAGCTAGTGG-1_2,0
CGGACTGAGCTAACTC-1_2,0
CGGACTGGTCAGTGGA-1_2,0
CGGACTGTCAACCAAC-1_2,0
CGGACTGTCACGCATA-1_2,0
CGGAGCTGTACAGCAG-1_2,0
CGGAGTCAGCACCGTC-1_2,0
CGGCTAGAGTAGATGT-1_2,0
CGGGTCAAGGGCATGT-1_2,0
CGTAGCGCAATGGAGC-1_2,0
CGTAGCGTCAGGTAAA-1_2,0
CGTAGGCAGGAGCGTT-1_2,0
CGTAGGCCAGCTGTGC-1_2,0
CGTCACTGTGGAAAGA-1_2,0
CGTCAGGCAAGCTGTT-1_2,0
CGTCAGGTCACTCCTG-1_2,0
CGTCCATCAATAAGCA-1_2,0
CGTCTACGTCAACTGT-1_2,0
CGTTCTGTCGAACTGT-1_2,0
CGTTGGGAGAATCTCC-1_2,0
CGTTGGGAGGCAGTCA-1_2,0
CTAACTTCACCAGATT-1_2,0
CTAACTTTCAGTGCAT-1_2,0
CTAAGACCACATTCGA-1_2,0
CTAAGACTCTCGTTTA-1_2,0
CTAATGGGTCGTCTTC-1_2,0
CTAATGGTCTCCTATA-1_2,0
CTACACCGTAGTGAAT-1_2,0
CTACACCTCCCAACGG-1_2,0
CTACATTAGCGGCTTC-1_2,0
CTACATTAGCGTGAAC-1_2,0
CTACATTTCGCAGGCT-1_2,0
CTACCCATCCTCTAGC-1_2,0
CTACGTCAGTTGAGTA-1_2,0
CTAGCCTGTGTGACGA-1_2,0
CTAGCCTTCCACTGGG-1_2,0
CTAGTGAAGTTGAGTA-1_2,0
CTAGTGAGTTGAACTC-1_2,0
CTAGTGATCTTCATGT-1_2,0
CTCACACCACCACGTG-1_2,0
CTCAGAAAGTACGACG-1_2,0
CTCAGAAGTTTGTGTG-1_2,0
CTCAGAATCGACAGCC-1_2,0
CTCAGAATCTGGTGTA-1_2,0
CTCATTATCCTATGTT-1_2,0
CTCCTAGAGCCTATGT-1_2,0
CTCCTAGCACTCGACG-1_2,0
CTCCTAGTCCAAACAC-1_2,0
CTCGAAAAGACAAAGG-1_2,0
CTCGAAAAGATGGGTC-1_2,0
CTCGAAAAGTGGTCCC-1_2,0
CTCGAGGCACGAAATA-1_2,0
CTCGAGGGTTAGAACA-1_2,0
CTCGAGGGTTGTGGAG-1_2,0
CTCGGAGAGTCGTACT-1_2,0
CTCGGGAGTCAGTGGA-1_2,0
CTCGTACAGAGTACAT-1_2,0
CTCGTACAGGAGCGAG-1_2,0
CTCGTACAGTTCGCAT-1_2,0
CTCGTACCATGTCGAT-1_2,0
CTCGTACTCACAAACC-1_2,0
CTCGTCAAGATGTCGG-1_2,0
CTCGTCACAGGTTTCA-1_2,0
CTCGTCAGTACTCAAC-1_2,0
CTCGTCAGTTGTACAC-1_2,0
CTCGTCATCGACGGAA-1_2,0
CTCTAATAGTCCGTAT-1_2,0
CTCTACGAGCACAGGT-1_2,0
CTCTGGTAGCCAGTAG-1_2,0
CTCTGGTGTGCACTTA-1_2,0
CTGAAACAGCATGGCA-1_2,0
CTGAAGTCAGGTTTCA-1_2,0
CTGCCTAAGAGTAATC-1_2,0
CTGCCTAGTTCCCTTG-1_2,0
CTGCTGTTCGGCGCTA-1_2,0
CTGGTCTCATATGAGA-1_2,0
CTGGTCTGTCTTGTCC-1_2,0
CTGTGCTAGATCACGG-1_2,0
CTGTGCTGTCCCGACA-1_2,0
CTGTTTACAGACAAAT-1_2,0
CTGTTTAGTGTGGTTT-1_2,0
CTTAACTCAGACTCGC-1_2,0
CTTAACTTCAACGAAA-1_2,0
CTTAACTTCCACGAAT-1_2,0
CTTACCGCAGATCGGA-1_2,0
CTTACCGGTCTCATCC-1_2,0
CTTAGGAAGTGAACGC-1_2,0
CTTAGGAGTATGCTTG-1_2,0
CTTAGGAGTATTACCG-1_2,0
CTTAGGATCAGAAATG-1_2,0
CTTAGGATCTGCGGCA-1_2,0
CTTCTCTGTATTACCG-1_2,0
CTTGGCTAGTGAAGAG-1_2,0
CTTGGCTCATACCATG-1_2,0
CTTGGCTTCAGTGCAT-1_2,0
GAAACTCGTTCGCGAC-1_2,0
GAAACTCTCATAACCG-1_2,0
GAAATGATCTGTCCGT-1_2,0
GAACATCCAGTCTTCC-1_2,0
GAACCTAAGCTGCCCA-1_2,0
GAACCTACACGTCTCT-1_2,0
GAACCTATCTTTAGGG-1_2,0
GAACGGAAGAATAGGG-1_2,0
GAAGCAGTCCCTTGTG-1_2,0
GAATAAGGTCATGCCG-1_2,0
GAATAAGGTCGAAAGC-1_2,0
GAATAAGTCGAGAGCA-1_2,0
GAATGAAAGTTGTCGT-1_2,0
GACACGCGTTAAGATG-1_2,0
GACAGAGAGTAGTGCG-1_2,0
GACAGAGTCCGCGCAA-1_2,0
GACGCGTAGACAGAGA-1_2,0
GACGCGTGTATTCGTG-1_2,0
GACGCGTTCGAATGGG-1_2,0
GACGTGCGTAGCACGA-1_2,0
GACGTTAAGTGCTGCC-1_2,0
GACTAACAGTGTCCCG-1_2,0
GACTAACCACTCAGGC-1_2,0
GACTACACATTTGCCC-1_2,0
GACTACATCAAGAAGT-1_2,0
GACTGCGTCCAGTAGT-1_2,0
GAGGTGAAGCCACTAT-1_2,0
GATCAGTCATGTAGTC-1_2,0
GATCAGTTCAACGGGA-1_2,0
GATCAGTTCGGTGTTA-1_2,0
GATCGATCACGAAAGC-1_2,0
GATCGATGTGCGCTTG-1_2,0
GATCGATTCTCTTGAT-1_2,0
GATCGCGCAGGCGATA-1_2,0
GATCGTAGTAGTACCT-1_2,0
GATCGTAGTTCCGTCT-1_2,0
GATCGTATCCGTTGTC-1_2,0
GATCTAGCAGCCTGTG-1_2,0
GATGAAAAGGAGTTTA-1_2,0
GATGAAATCGGTGTCG-1_2,0
GATGCTAAGGGAGTAA-1_2,0
GATGCTAGTGACGGTA-1_2,0
GATTCAGCAGCTCGCA-1_2,0
GCAAACTCAAGTACCT-1_2,0
GCAAACTCACATGACT-1_2,0
GCAATCACACATAACC-1_2,0
GCACATAAGCCACCTG-1_2,0
GCACATATCGCTTAGA-1_2,0
GCACTCTCAGCCTGTG-1_2,0
GCACTCTGTTGTGGAG-1_2,0
GCAGCCAAGACCGGAT-1_2,0
GCAGCCAAGATAGTCA-1_2,0
GCAGTTAAGAAACGCC-1_2,0
GCAGTTAAGAAGATTC-1_2,0
GCAGTTATCCTAGTGA-1_2,0
GCATACACACAGTCGC-1_2,0
GCATACAGTTTGTTGG-1_2,0
GCATGATTCGACGGAA-1_2,0
GCATGATTCGTCCAGG-1_2,0
GCCAAATAGATGCCTT-1_2,0
GCCAAATGTCGACTGC-1_2,0
GCCTCTACACTTGGAT-1_2,0
GCCTCTAGTCGCGGTT-1_2,0
GCGACCAAGTTGAGTA-1_2,0
GCGAGAACAAGTAGTA-1_2,0
GCGAGAAGTCCCGACA-1_2,0
GCGCAACAGAGCCTAG-1_2,0
GCGCAACGTTACGGAG-1_2,0
GCGCAACGTTCGCGAC-1_2,0
GCGCCAAAGAGTGACC-1_2,0
GCGCCAACAAATCCGT-1_2,0
GCGCCAAGTAGATTAG-1_2,0
GCGCGATGTAAGAGGA-1_2,0
GCGGGTTCACTTAACG-1_2,0
GCGGGTTTCCGATATG-1_2,0
GCTCTGTCACCAGCAC-1_2,0
GCTCTGTCAGACAAGC-1_2,0
GCTGCAGAGTATTGGA-1_2,0
GCTGCAGGTCTGCAAT-1_2,0
GCTGCTTAGCTATGCT-1_2,0
GCTGCTTGTGCGCTTG-1_2,0
GCTGGGTTCACAGGCC-1_2,0
GGAAAGCAGGCATTGG-1_2,0
GGAACTTAGTACCGGA-1_2,0
GGAACTTAGTGTCCAT-1_2,0
GGAACTTCAAACGCGA-1_2,0
GGAACTTGTACCCAAT-1_2,0
GGAATAAAGTGTACTC-1_2,0
GGAATAACAGCCTATA-1_2,0
GGACAAGAGACTAGAT-1_2,0
GGACAAGCATTGGGCC-1_2,0
GGACAAGGTCCCTACT-1_2,0
GGACAAGTCCCTGACT-1_2,0
GGACATTCAGTCACTA-1_2,0
GGACATTGTTAAGATG-1_2,0
GGACGTCAGATGTGTA-1_2,0
GGAGCAAAGAGACTTA-1_2,0
GGAGCAACAGTGGGAT-1_2,0
GGCAATTGTCATTAGC-1_2,0
GGCAATTTCCAAACAC-1_2,0
GGCCGATAGGTGCTAG-1_2,0
GGCCGATGTCGTTGTA-1_2,0
GGCCGATGTTGAGTTC-1_2,0
GGCGACTTCGTATCAG-1_2,0
GGCGACTTCTTGGGTA-1_2,0
GGCGTGTGTGGTGTAG-1_2,0
GGCTCGACAACACCTA-1_2,0
GGCTCGAGTGGCGAAT-1_2,0
GGCTGGTTCTGTACGA-1_2,0
GGGAATGAGCCCAGCT-1_2,0
GGGAATGCAGACAAAT-1_2,0
GGGAATGCATGAAGTA-1_2,0
GGGACCTAGTAAGTAC-1_2,0
GGGACCTCAAAGGCGT-1_2,0
GGGACCTCATCCTAGA-1_2,0
GGGATGAAGTGGTCCC-1_2,0
GGGATGAGTCAGGACA-1_2,0
GGGATGATCCCAAGTA-1_2,0
GGGCACTAGATGTAAC-1_2,0
GGGCACTCAAGGACTG-1_2,0
GGGCACTTCTGCTTGC-1_2,0
GGGCATCTCAGGTTCA-1_2,0
GGGTCTGGTACCGTAT-1_2,0
GGGTTGCCAAGTCATC-1_2,0
GGTGAAGGTCAATGTC-1_2,0
GGTGAAGGTTCCACAA-1_2,0
GGTGAAGTCAAACAAG-1_2,0
GGTGCGTAGAGTGAGA-1_2,0
GGTGCGTCAGGTCTCG-1_2,0
GGTGTTAAGGGCTTCC-1_2,0
GGTGTTACATTTCACT-1_2,0
GGTGTTATCAACGGGA-1_2,0
GTAACGTCAGCATACT-1_2,0
GTACGTATCTGTGCAA-1_2,0
GTACTCCAGGATGTAT-1_2,0
GTACTTTAGACGACGT-1_2,0
GTACTTTAGGTAAACT-1_2,0
GTACTTTGTCAAACTC-1_2,0
GTACTTTTCCAGTATG-1_2,0
GTAGGCCAGGTGGGTT-1_2,0
GTAGGCCCAGTCCTTC-1_2,0
GTAGTCACATGCTGGC-1_2,0
GTAGTCATCCAGTAGT-1_2,0
GTAGTCATCTAGAGTC-1_2,0
GTATCTTAGGCATGTG-1_2,0
GTATCTTCAGATCGGA-1_2,0
GTATCTTGTACCATCA-1_2,0
GTATCTTTCCTCGCAT-1_2,0
GTCAAGTTCGTTGACA-1_2,0
GTCACGGGTACCATCA-1_2,0
GTCACGGTCACTTATC-1_2,0
GTCCTCAAGACTAAGT-1_2,0
GTCCTCAGTCCATCCT-1_2,0
GTCCTCAGTGCACCAC-1_2,0
GTCCTCATCTCGAGTA-1_2,0
GTCTTCGAGTGTCCAT-1_2,0
GTCTTCGTCAGCATGT-1_2,0
GTGAAGGGTCTGCGGT-1_2,0
GTGAAGGTCTGAGGGA-1_2,0
GTGCATACAGGGAGAG-1_2,0
GTGCGGTAGAGACTTA-1_2,0
GTGCGGTCAGCTTCGG-1_2,0
GTGCGGTGTACACCGC-1_2,0
GTGCTTCGTAGGAGTC-1_2,0
GTGCTTCTCATGTGGT-1_2,0
GTGGGTCTCACTCCTG-1_2,0
GTGTGCGCAGGTCGTC-1_2,0
GTGTTAGGTGCTAGCC-1_2,0
GTGTTAGTCCGCGTTT-1_2,0
GTTAAGCAGTTCGCGC-1_2,0
GTTACAGCATGGTCAT-1_2,0
GTTCATTCACATTTCT-1_2,0
GTTCATTTCAGAAATG-1_2,0
GTTCGGGCAATACGCT-1_2,0
GTTCTCGAGGCCATAG-1_2,0
GTTCTCGCATTGGGCC-1_2,0
TAAGTGCTCCTACAGA-1_2,0
TACAGTGAGCTCCTTC-1_2,0
TACAGTGCAATCGGTT-1_2,0
TACAGTGGTTGGTTTG-1_2,0
TACCTATCACCAGGTC-1_2,0
TACCTATTCTGGAGCC-1_2,0
TACCTTACAGTCGTGC-1_2,0
TACCTTAGTATTCGTG-1_2,0
TACGGATAGTACTTGC-1_2,0
TACGGGCAGACAAAGG-1_2,0
TACGGGCGTTCAGCGC-1_2,0
TACGGTATCCTTGCCA-1_2,0
TACGGTATCGCTTAGA-1_2,0
TACTCGCTCCGGGTGT-1_2,0
TACTTACCAGCTGCAC-1_2,0
TACTTACGTAGCGTCC-1_2,0
TACTTACTCTTACCGC-1_2,0
TACTTGTAGGGATCTG-1_2,0
TACTTGTAGTCTCAAC-1_2,0
TAGAGCTGTTCGCGAC-1_2,0
TAGCCGGAGAGTTGGC-1_2,0
TAGGCATAGCTAGTTC-1_2,0
TAGGCATAGTCAAGGC-1_2,0
TAGGCATGTCTGATTG-1_2,0
TAGTGGTAGCTCTCGG-1_2,0
TAGTTGGTCCACGCAG-1_2,0
TATCAGGAGAATTCCC-1_2,0
TATCAGGAGGACGAAA-1_2,0
TATCAGGTCCTTGCCA-1_2,0
TATCTCAAGAGCCTAG-1_2,0
TATCTCAAGCTGATAA-1_2,0
TATCTCATCTCTTATG-1_2,0
TATGCCCGTCATTAGC-1_2,0
TATGCCCGTCGGCTCA-1_2,0
TATTACCTCTGCGGCA-1_2,0
TATTACCTCTGTTGAG-1_2,0
TCAACGAAGGTGCTAG-1_2,0
TCAACGACAGGTTTCA-1_2,0
TCAACGAGTTCGCTAA-1_2,0
TCACAAGAGGCCGAAT-1_2,0
TCACGAAAGGCAGGTT-1_2,0
TCACGAACAAGACGTG-1_2,0
TCACGAACACATTTCT-1_2,0
TCAGATGAGTGGAGTC-1_2,0
TCAGATGTCTCTAGGA-1_2,0
TCAGCAACAATCGAAA-1_2,0
TCAGCAACATCGGTTA-1_2,0
TCAGCTCCACGTCAGC-1_2,0
TCAGCTCGTACACCGC-1_2,0
TCAGCTCTCGTGACAT-1_2,0
TCAGGATCAATGACCT-1_2,0
TCAGGTAAGAATTCCC-1_2,0
TCATTACAGATAGCAT-1_2,0
TCATTACTCTGTCAAG-1_2,0
TCATTTGTCTGTCTAT-1_2,0
TCCACACGTTACGACT-1_2,0
TCCCGATAGGAGCGTT-1_2,0
TCCCGATGTATCACCA-1_2,0
TCCCGATTCTCCTATA-1_2,0
TCGGGACTCACTTACT-1_2,0
TCGGGACTCTCAACTT-1_2,0
TCGTAGAAGCACAGGT-1_2,0
TCGTAGAGTAAGAGGA-1_2,0
TCGTAGAGTTGCGCAC-1_2,0
TCTATTGAGGACAGCT-1_2,0
TCTATTGGTTGCGTTA-1_2,0
TCTATTGTCCAAATGC-1_2,0
TCTCATAAGCAGGTCA-1_2,0
TCTCATACATATGGTC-1_2,0
TCTCTAAAGACCCACC-1_2,0
TCTGAGACAAGCCTAT-1_2,0
TCTGAGACAGTCGTGC-1_2,0
TCTGAGACATGCCACG-1_2,0
TCTGAGAGTATTCTCT-1_2,0
TCTGGAAAGGTAGCCA-1_2,0
TCTTCGGAGGAACTGC-1_2,0
TGACAACTCCTTTACA-1_2,0
TGACGGCGTGATGATA-1_2,0
TGACTAGTCCACGTGG-1_2,0
TGAGCCGCATTCTCAT-1_2,0
TGATTTCAGTTCGCAT-1_2,0
TGCACCTAGTAGATGT-1_2,0
TGCACCTTCCGTCATC-1_2,0
TGCCCATCAGATGGGT-1_2,0
TGCCCTAAGAGCTGGT-1_2,0
TGCCCTAAGAGTGAGA-1_2,0
TGCCCTACAAGCCCAC-1_2,0
TGCCCTAGTAAATGAC-1_2,0
TGCGCAGAGATTACCC-1_2,0
TGCGCAGAGCCCAGCT-1_2,0
TGCGCAGCAGCTGCAC-1_2,0
TGCGCAGCATTGAGCT-1_2,0
TGCGGGTGTATAAACG-1_2,0
TGCGTGGCAGTCGATT-1_2,0
TGCTACCAGGCTACGA-1_2,0
TGCTACCCAAGCTGGA-1_2,0
TGCTACCGTACAGTTC-1_2,0
TGCTGCTAGAGTGAGA-1_2,0
TGCTGCTTCACCCTCA-1_2,0
TGCTGCTTCCAAATGC-1_2,0
TGGACGCAGTAGCCGA-1_2,0
TGGACGCCAGACTCGC-1_2,0
TGGCCAGGTACATCCA-1_2,0
TGGCCAGTCATTTGGG-1_2,0
TGGCCAGTCTCGTTTA-1_2,0
TGGCTGGAGGAGCGAG-1_2,0
TGGCTGGGTCGGCACT-1_2,0
TGGGAAGCACGGACAA-1_2,0
TGGGAAGGTGCTCTTC-1_2,0
TGGGCGTGTGTTCGAT-1_2,0
TGGGCGTGTTCCACAA-1_2,0
TGGTTAGAGTGGTCCC-1_2,0
TGGTTAGCACGCGAAA-1_2,0
TGGTTAGGTGTAATGA-1_2,0
TGGTTCCAGCCTCGTG-1_2,0
TGGTTCCAGGCTAGGT-1_2,0
TGGTTCCAGTATGACA-1_2,0
TGTATTCAGCGTCAAG-1_2,0
TGTGGTAAGCCACGCT-1_2,0
TGTGGTAAGGTGACCA-1_2,0
TGTGTTTAGGCGTACA-1_2,0
TGTGTTTGTTCCCGAG-1_2,0
TGTTCCGCATGGTTGT-1_2,0
TTAGGACAGACCTAGG-1_2,0
TTAGGACAGCGTAGTG-1_2,0
TTAGGACCATCGGAAG-1_2,0
TTAGGCAAGATGCCAG-1_2,0
TTAGTTCCACCGCTAG-1_2,0
TTATGCTGTCTAGCCG-1_2,0
TTATGCTGTGATGATA-1_2,0
TTCGAAGAGCGTTCCG-1_2,0
TTCGGTCAGAATGTTG-1_2,0
TTCTACAAGGTGATTA-1_2,0
TTCTACACATCACGAT-1_2,0
TTCTACAGTGTTTGTG-1_2,0
TTCTCAAGTATGGTTC-1_2,0
TTCTCAATCAACACGT-1_2,0
TTCTCCTAGACCACGA-1_2,0
TTCTCCTAGTGACATA-1_2,0
TTCTTAGAGCAAATCA-1_2,0
TTCTTAGGTCCTCCAT-1_2,0
TTGAACGTCACAAACC-1_2,0
TTGAACGTCAGCTGGC-1_2,0
TTGACTTTCGATGAGG-1_2,0
TTGCGTCTCACGGTTA-1_2,0
TTGGAACGTTGGACCC-1_2,0
TTGGCAAGTGATAAGT-1_2,0
TTGGCAATCCGTCAAA-1_2,0
TTGGCAATCTCTGCTG-1_2,0
TTGTAGGAGGAATGGA-1_2,0
TTGTAGGGTCGCGAAA-1_2,0
TTTACTGGTGCACTTA-1_2,0
TTTGCGCCAACGATCT-1_2,0
TTTGCGCGTTGGACCC-1_2,0
TTTGGTTCACAGGTTT-1_2,0
TTTGGTTGTGAGGGAG-1_2,0
TTTGGTTGTTCACGGC-1_2,0
