Labels,str_label
AAACCTGCACCGAATT-1_1,1
AAACCTGGTACCCAAT-1_1,1
AAACCTGGTCAAAGAT-1_1,1
AAACCTGGTCGCGGTT-1_1,1
AAACCTGGTGTGCGTC-1_1,1
AAACCTGTCATCTGCC-1_1,1
AAACCTGTCCCGACTT-1_1,1
AAACCTGTCCTTGGTC-1_1,1
AAACCTGTCGATGAGG-1_1,1
AAACCTGTCTCGCATC-1_1,1
AAACGGGAGCAAATCA-1_1,1
AAACGGGCAACGATCT-1_1,1
AAACGGGCAAGTTGTC-1_1,1
AAACGGGCAGCGAACA-1_1,1
AAACGGGCATATGCTG-1_1,1
AAAGATGCAGTTTACG-1_1,1
AAAGATGGTGACGGTA-1_1,1
AAAGATGTCCACGCAG-1_1,1
AAAGATGTCTATGTGG-1_1,1
AAAGCAAAGTGTCTCA-1_1,1
AAAGCAACATCCCATC-1_1,1
AAAGCAACATTGTGCA-1_1,1
AAAGTAGAGGCTCATT-1_1,1
AAAGTAGAGTCACGCC-1_1,1
AAATGCCAGACACTAA-1_1,1
AAATGCCAGGAATGGA-1_1,1
AAATGCCGTTAAGATG-1_1,1
AACACGTCAAGAAGAG-1_1,1
AACACGTCATCTGGTA-1_1,1
AACACGTGTTCCACTC-1_1,1
AACACGTTCCCTCAGT-1_1,1
AACCATGGTAGGCATG-1_1,1
AACCATGTCGCCAGCA-1_1,1
AACCATGTCTCAAACG-1_1,1
AACCGCGAGGGTTCCC-1_1,1
AACCGCGCATTGGGCC-1_1,1
AACCGCGGTCAGATAA-1_1,1
AACCGCGGTCAGCTAT-1_1,1
AACCGCGGTCCGAAGA-1_1,1
AACCGCGTCATCTGTT-1_1,1
AACGTTGAGAGGTTAT-1_1,1
AACGTTGAGCGTAATA-1_1,1
AACGTTGAGGCAGTCA-1_1,1
AACGTTGCATGGTCTA-1_1,1
AACGTTGGTACACCGC-1_1,1
AACGTTGTCTGAAAGA-1_1,1
AACGTTGTCTTGAGAC-1_1,1
AACTCAGAGACACTAA-1_1,1
AACTCAGAGCAGCGTA-1_1,1
AACTCAGAGGGAGTAA-1_1,1
AACTCAGCAATGGAGC-1_1,1
AACTCAGTCATGCTCC-1_1,1
AACTCAGTCTTACCTA-1_1,1
AACTCCCAGCGATCCC-1_1,1
AACTCCCCAAGCGCTC-1_1,1
AACTCCCTCTCAACTT-1_1,1
AACTCTTGTTTCGCTC-1_1,1
AACTCTTTCCAAAGTC-1_1,1
AACTGGTAGGCTAGGT-1_1,1
AACTGGTAGGGCTTCC-1_1,1
AACTGGTCAATCGGTT-1_1,1
AACTGGTCATGGTCTA-1_1,1
AACTGGTGTATTACCG-1_1,1
AACTTTCAGCTAACAA-1_1,1
AACTTTCCATTCCTGC-1_1,1
AACTTTCGTACCGCTG-1_1,1
AACTTTCGTAGAGCTG-1_1,1
AACTTTCGTTCTGGTA-1_1,1
AAGACCTAGCGAGAAA-1_1,1
AAGACCTCAAGCCATT-1_1,1
AAGACCTCACAGACTT-1_1,1
AAGACCTCATGCTGGC-1_1,1
AAGACCTGTACGCACC-1_1,1
AAGACCTTCTACGAGT-1_1,1
AAGCCGCGTGGCCCTA-1_1,1
AAGCCGCTCTCAACTT-1_1,1
AAGCCGCTCTCGAGTA-1_1,1
AAGGAGCAGACCGGAT-1_1,1
AAGGAGCGTAAATGAC-1_1,1
AAGGAGCGTAGAAGGA-1_1,1
AAGGCAGCACGTGAGA-1_1,1
AAGGCAGCATGGTCAT-1_1,1
AAGGCAGGTCTTCGTC-1_1,1
AAGGCAGTCACCGTAA-1_1,1
AAGGCAGTCTATGTGG-1_1,1
AAGGCAGTCTTTCCTC-1_1,1
AAGGTTCAGAATTCCC-1_1,1
AAGGTTCAGACAGAGA-1_1,1
AAGGTTCAGGGATCTG-1_1,1
AAGGTTCAGTTAGCGG-1_1,1
AAGGTTCGTTCTGAAC-1_1,1
AAGGTTCTCCAAGCCG-1_1,1
AAGGTTCTCGAATCCA-1_1,1
AAGTCTGAGACAGACC-1_1,1
AAGTCTGCAGCCTATA-1_1,1
AAGTCTGTCATCGATG-1_1,1
AAGTCTGTCTTGAGAC-1_1,1
AATCCAGAGGCCATAG-1_1,1
AATCCAGCAACGATCT-1_1,1
AATCCAGCAATGGATA-1_1,1
AATCCAGCACAGACTT-1_1,1
AATCCAGCACCACGTG-1_1,1
AATCCAGCAGGGATTG-1_1,1
AATCCAGGTCAGATAA-1_1,1
AATCCAGGTCTAAACC-1_1,1
AATCGGTAGCTGCAAG-1_1,1
AATCGGTAGTTGAGAT-1_1,1
AATCGGTCACGTGAGA-1_1,1
AATCGGTGTCAGAAGC-1_1,1
AATCGGTGTGCCTTGG-1_1,1
ACACCAAAGTATTGGA-1_1,1
ACACCAAAGTTCGATC-1_1,1
ACACCAACAGCCTGTG-1_1,1
ACACCAAGTGCACCAC-1_1,1
ACACCAAGTGGAAAGA-1_1,1
ACACCAATCGTTACAG-1_1,1
ACACCCTAGCTGCGAA-1_1,1
ACACCCTAGGATTCGG-1_1,1
ACACCCTAGTATTGGA-1_1,1
ACACCGGAGAAACCGC-1_1,1
ACACCGGAGAGGTTAT-1_1,1
ACACCGGAGATGCCAG-1_1,1
ACACCGGGTACCGGCT-1_1,1
ACACCGGTCGTCACGG-1_1,1
ACACCGGTCTCGAGTA-1_1,1
ACACTGAAGAACTGTA-1_1,1
ACACTGATCCTTTCTC-1_1,1
ACAGCCGAGTGGTAGC-1_1,1
ACAGCCGCAAGGGTCA-1_1,1
ACAGCCGCAATTCCTT-1_1,1
ACAGCCGGTATAATGG-1_1,1
ACAGCCGGTGGCTCCA-1_1,1
ACAGCCGTCAAGGTAA-1_1,1
ACAGCCGTCAATCTCT-1_1,1
ACAGCTAAGGGATCTG-1_1,1
ACAGCTAGTATAGTAG-1_1,1
ACAGCTAGTCTGATTG-1_1,1
ACAGCTAGTTGAGTTC-1_1,1
ACAGCTATCTGCAGTA-1_1,1
ACATACGAGACTAGAT-1_1,1
ACATACGAGCACGCCT-1_1,1
ACATACGAGTTGCAGG-1_1,1
ACATACGCAAACCCAT-1_1,1
ACATACGCATGAAGTA-1_1,1
ACATACGGTGTATGGG-1_1,1
ACATACGGTTGTGGAG-1_1,1
ACATACGTCGCCATAA-1_1,1
ACATACGTCTGTCTAT-1_1,1
ACATCAGGTGGTCCGT-1_1,1
ACATCAGTCACATGCA-1_1,1
ACATGGTAGAAAGTGG-1_1,1
ACATGGTAGCGATTCT-1_1,1
ACATGGTCATACCATG-1_1,1
ACATGGTCATGCCACG-1_1,1
ACATGGTGTGAGGGTT-1_1,1
ACATGGTTCTGATACG-1_1,1
ACCAGTACAAGGACTG-1_1,1
ACCAGTACACGAAATA-1_1,1
ACCAGTACATCACCCT-1_1,1
ACCAGTAGTATCACCA-1_1,1
ACCAGTAGTGTAACGG-1_1,1
ACCAGTAGTTCCCTTG-1_1,1
ACCAGTATCGCGCCAA-1_1,1
ACCAGTATCGGTCTAA-1_1,1
ACCCACTAGGATGTAT-1_1,1
ACCCACTAGTCGATAA-1_1,1
ACCCACTGTACTTCTT-1_1,1
ACCCACTGTCCCTTGT-1_1,1
ACCCACTTCTCTGCTG-1_1,1
ACCCACTTCTCTTGAT-1_1,1
ACCGTAAAGGTAAACT-1_1,1
ACCGTAAAGTCCGTAT-1_1,1
ACCGTAACATTATCTC-1_1,1
ACCGTAAGTATCGCAT-1_1,1
ACCGTAAGTGTGGTTT-1_1,1
ACCTTTAGTCAAACTC-1_1,1
ACCTTTAGTCTGCGGT-1_1,1
ACCTTTATCCGTTGTC-1_1,1
ACCTTTATCTCTGTCG-1_1,1
ACGAGCCAGAGCTATA-1_1,1
ACGAGCCAGTCTCGGC-1_1,1
ACGAGCCTCCCAAGTA-1_1,1
ACGAGCCTCGGATGTT-1_1,1
ACGATACAGATCACGG-1_1,1
ACGATACAGGAGTCTG-1_1,1
ACGATACAGTGTCCCG-1_1,1
ACGATACCACAACGTT-1_1,1
ACGATACGTGGACGAT-1_1,1
ACGATGTAGAGCTTCT-1_1,1
ACGATGTAGCGAGAAA-1_1,1
ACGATGTAGTATCTCG-1_1,1
ACGATGTCAGCTGTTA-1_1,1
ACGATGTGTGTGGTTT-1_1,1
ACGCAGCAGTATGACA-1_1,1
ACGCAGCCAATTCCTT-1_1,1
ACGCAGCGTTCCAACA-1_1,1
ACGCCAGCAACACGCC-1_1,1
ACGCCAGCACGAGAGT-1_1,1
ACGCCAGGTCCGTCAG-1_1,1
ACGCCAGTCGAACGGA-1_1,1
ACGCCGAAGCTTTGGT-1_1,1
ACGCCGAAGGATATAC-1_1,1
ACGCCGACAGACTCGC-1_1,1
ACGCCGATCTCAAGTG-1_1,1
ACGGAGAAGAAACGAG-1_1,1
ACGGAGAAGCGTGAAC-1_1,1
ACGGAGACAAGCCGCT-1_1,1
ACGGAGAGTCCGAATT-1_1,1
ACGGAGAGTTATCCGA-1_1,1
ACGGAGATCATTATCC-1_1,1
ACGGAGATCCAAACTG-1_1,1
ACGGAGATCTCTGCTG-1_1,1
ACGGAGATCTTGAGAC-1_1,1
ACGGCCAAGGAATGGA-1_1,1
ACGGCCAGTGGTCCGT-1_1,1
ACGGCCAGTGTTGAGG-1_1,1
ACGGCCATCAACGGGA-1_1,1
ACGGCCATCGCTAGCG-1_1,1
ACGGCCATCGCTTGTC-1_1,1
ACGGGCTCAGATAATG-1_1,1
ACGGGCTCAGCTTAAC-1_1,1
ACGGGCTGTAAACACA-1_1,1
ACGGGCTTCTCGGACG-1_1,1
ACGGGCTTCTGGCGTG-1_1,1
ACGGGTCAGACTTTCG-1_1,1
ACGGGTCAGCCTATGT-1_1,1
ACGTCAACACACCGAC-1_1,1
ACGTCAAGTGCCTGTG-1_1,1
ACGTCAATCTCTGCTG-1_1,1
ACTATCTAGACTAGAT-1_1,1
ACTATCTAGGATTCGG-1_1,1
ACTATCTAGGCCATAG-1_1,1
ACTATCTCAAAGCAAT-1_1,1
ACTATCTGTTAAGATG-1_1,1
ACTATCTTCCCTAACC-1_1,1
ACTGAACAGCGTAATA-1_1,1
ACTGAACAGCTAAACA-1_1,1
ACTGAACCAGACACTT-1_1,1
ACTGAACCAGGGAGAG-1_1,1
ACTGAACGTCCAACTA-1_1,1
ACTGAACGTGTTTGGT-1_1,1
ACTGAACTCACGCATA-1_1,1
ACTGAGTAGAATGTTG-1_1,1
ACTGAGTCAGTAACGG-1_1,1
ACTGAGTGTCATATCG-1_1,1
ACTGAGTTCACAAACC-1_1,1
ACTGAGTTCTAACTGG-1_1,1
ACTGATGGTAGAGTGC-1_1,1
ACTGATGTCACCAGGC-1_1,1
ACTGATGTCCGTAGTA-1_1,1
ACTGCTCAGAGAACAG-1_1,1
ACTGCTCAGATCCCAT-1_1,1
ACTGCTCAGGACTGGT-1_1,1
ACTGCTCGTATATCCG-1_1,1
ACTGCTCGTGTCAATC-1_1,1
ACTGTCCAGGCAAAGA-1_1,1
ACTGTCCAGTACGATA-1_1,1
ACTGTCCCAAACCTAC-1_1,1
ACTGTCCCAGGTGGAT-1_1,1
ACTGTCCGTTCGGGCT-1_1,1
ACTGTCCTCGAGAACG-1_1,1
ACTTACTGTCGACTAT-1_1,1
ACTTACTTCTATCGCC-1_1,1
ACTTACTTCTCCCTGA-1_1,1
ACTTGTTAGACAGAGA-1_1,1
ACTTGTTAGTTAACGA-1_1,1
ACTTGTTGTCTTTCAT-1_1,1
ACTTGTTTCCGGGTGT-1_1,1
ACTTTCACAGATGAGC-1_1,1
ACTTTCAGTCTGCGGT-1_1,1
ACTTTCAGTTATCACG-1_1,1
ACTTTCATCCCAGGTG-1_1,1
ACTTTCATCTCGAGTA-1_1,1
ACTTTCATCTCGCTTG-1_1,1
ACTTTCATCTGGGCCA-1_1,1
AGAATAGAGATGGGTC-1_1,1
AGAATAGCACAGGTTT-1_1,1
AGAATAGCACCGGAAA-1_1,1
AGAATAGCACTGTTAG-1_1,1
AGAATAGTCAAGCCTA-1_1,1
AGAATAGTCCTCATTA-1_1,1
AGAATAGTCCTTAATC-1_1,1
AGAATAGTCGAGAGCA-1_1,1
AGAATAGTCTGTACGA-1_1,1
AGACGTTAGATTACCC-1_1,1
AGACGTTAGCTGCGAA-1_1,1
AGACGTTAGGCATGGT-1_1,1
AGACGTTCAATGAATG-1_1,1
AGAGCGACAAACCTAC-1_1,1
AGAGCGACATCTCCCA-1_1,1
AGAGCTTAGCACCGTC-1_1,1
AGAGCTTCAAGCCGCT-1_1,1
AGAGCTTCAGACGCCT-1_1,1
AGAGCTTGTGTGGTTT-1_1,1
AGAGCTTGTTCGTTGA-1_1,1
AGAGCTTTCTGCGGCA-1_1,1
AGAGTGGAGGAGTCTG-1_1,1
AGAGTGGAGGCGTACA-1_1,1
AGAGTGGGTCCGAACC-1_1,1
AGATCTGCAGATTGCT-1_1,1
AGATCTGCAGTGAGTG-1_1,1
AGATCTGGTCGACTAT-1_1,1
AGATCTGGTGACGCCT-1_1,1
AGATTGCAGTGTTAGA-1_1,1
AGATTGCTCCGAATGT-1_1,1
AGATTGCTCTAACTGG-1_1,1
AGCAGCCCAAGGTTTC-1_1,1
AGCAGCCCATACGCCG-1_1,1
AGCAGCCGTATGAATG-1_1,1
AGCAGCCGTGCAGTAG-1_1,1
AGCAGCCTCTGTTGAG-1_1,1
AGCATACCAATAAGCA-1_1,1
AGCATACCAGATCCAT-1_1,1
AGCATACCAGGGCATA-1_1,1
AGCATACTCACAGGCC-1_1,1
AGCATACTCACCACCT-1_1,1
AGCATACTCCCTCTTT-1_1,1
AGCCTAAAGACACGAC-1_1,1
AGCCTAAAGATATACG-1_1,1
AGCCTAACACCCATTC-1_1,1
AGCCTAACATGGGACA-1_1,1
AGCCTAAGTGAACCTT-1_1,1
AGCCTAAGTGACTCAT-1_1,1
AGCCTAATCACAATGC-1_1,1
AGCCTAATCAGATAAG-1_1,1
AGCCTAATCATTGCGA-1_1,1
AGCCTAATCCCTCTTT-1_1,1
AGCCTAATCTTGACGA-1_1,1
AGCGGTCAGCGAAGGG-1_1,1
AGCGGTCCAGTAGAGC-1_1,1
AGCGGTCGTAATCACC-1_1,1
AGCGGTCGTAGGCTGA-1_1,1
AGCGGTCGTTAAGGGC-1_1,1
AGCGTATAGCAGACTG-1_1,1
AGCGTATAGTATGACA-1_1,1
AGCGTATCAAACGTGG-1_1,1
AGCGTATCAAAGCAAT-1_1,1
AGCGTATCATCCGTGG-1_1,1
AGCGTATCATGTCGAT-1_1,1
AGCGTATGTATGAAAC-1_1,1
AGCGTATGTTATGCGT-1_1,1
AGCGTATTCTAACTCT-1_1,1
AGCTCCTAGATCGATA-1_1,1
AGCTCCTAGGGTTCCC-1_1,1
AGCTCCTCAGCTGTAT-1_1,1
AGCTCCTCAGGATTGG-1_1,1
AGCTCCTGTATCACCA-1_1,1
AGCTCCTGTCGGCACT-1_1,1
AGCTCCTGTCTTTCAT-1_1,1
AGCTCCTTCGAATCCA-1_1,1
AGCTCTCAGGATGTAT-1_1,1
AGCTCTCCACCGATAT-1_1,1
AGCTCTCCAGATCTGT-1_1,1
AGCTCTCGTATATGAG-1_1,1
AGCTCTCGTCGCATCG-1_1,1
AGCTCTCTCTCGTTTA-1_1,1
AGCTTGAAGTTTGCGT-1_1,1
AGCTTGAGTGGGTCAA-1_1,1
AGCTTGATCATGCATG-1_1,1
AGGCCACGTGATGATA-1_1,1
AGGCCACTCAGTCCCT-1_1,1
AGGCCGTTCGGAGCAA-1_1,1
AGGGAGTAGTGGGCTA-1_1,1
AGGGAGTGTCCTGCTT-1_1,1
AGGGATGCAGCGAACA-1_1,1
AGGGATGGTGGACGAT-1_1,1
AGGGATGGTGTGTGCC-1_1,1
AGGGATGTCCTTCAAT-1_1,1
AGGGATGTCGTAGGAG-1_1,1
AGGGTGAAGCTACCTA-1_1,1
AGGGTGAAGGGATCTG-1_1,1
AGGGTGACATATGCTG-1_1,1
AGGGTGAGTCAAAGAT-1_1,1
AGGGTGATCGGTCTAA-1_1,1
AGGTCATAGTGAAGTT-1_1,1
AGGTCATCAAGGTGTG-1_1,1
AGGTCATTCATGTCCC-1_1,1
AGGTCATTCTACTCAT-1_1,1
AGGTCCGCATGCTGGC-1_1,1
AGGTCCGGTGGGTATG-1_1,1
AGTAGTCAGCTCTCGG-1_1,1
AGTAGTCAGGTTCCTA-1_1,1
AGTAGTCGTGCAGACA-1_1,1
AGTAGTCGTGTTTGGT-1_1,1
AGTAGTCTCGTTACGA-1_1,1
AGTAGTCTCTCGGACG-1_1,1
AGTCTTTGTACTTGAC-1_1,1
AGTCTTTGTCGCATCG-1_1,1
AGTCTTTGTGTCAATC-1_1,1
AGTCTTTTCTAGAGTC-1_1,1
AGTGAGGAGTTTCCTT-1_1,1
AGTGAGGCATTGGGCC-1_1,1
AGTGAGGTCGCTTGTC-1_1,1
AGTGAGGTCTTGCAAG-1_1,1
AGTGGGATCAAACAAG-1_1,1
AGTGGGATCCAGGGCT-1_1,1
AGTGTCACACAGGTTT-1_1,1
AGTGTCACAGGCTGAA-1_1,1
AGTGTCAGTAGGGACT-1_1,1
AGTGTCAGTCATATCG-1_1,1
AGTGTCAGTGATGTGG-1_1,1
AGTGTCATCCTTGACC-1_1,1
AGTTGGTAGCGATATA-1_1,1
AGTTGGTCAATCTGCA-1_1,1
AGTTGGTCATACAGCT-1_1,1
AGTTGGTCATCGGTTA-1_1,1
AGTTGGTGTGGTACAG-1_1,1
AGTTGGTTCCAGAAGG-1_1,1
AGTTGGTTCTGCGACG-1_1,1
ATAACGCCAAGCCATT-1_1,1
ATAACGCCAAGCTGAG-1_1,1
ATAACGCGTACAAGTA-1_1,1
ATAACGCTCGTCCGTT-1_1,1
ATAACGCTCTCGCATC-1_1,1
ATAACGCTCTTTACGT-1_1,1
ATAAGAGCATTCCTGC-1_1,1
ATAAGAGGTGGGTATG-1_1,1
ATAAGAGGTTGTACAC-1_1,1
ATAAGAGGTTTGACTG-1_1,1
ATAAGAGTCACCGTAA-1_1,1
ATAAGAGTCAGAAATG-1_1,1
ATAAGAGTCAGTTGAC-1_1,1
ATAGACCTCAGAAATG-1_1,1
ATAGACCTCATGCAAC-1_1,1
ATCACGAAGACTACAA-1_1,1
ATCACGAAGTTAGGTA-1_1,1
ATCACGACAGGGTACA-1_1,1
ATCACGAGTCATGCCG-1_1,1
ATCACGAGTTGGACCC-1_1,1
ATCACGATCGAGGTAG-1_1,1
ATCATCTCAAGACACG-1_1,1
ATCATCTCAATAACGA-1_1,1
ATCATCTCACACAGAG-1_1,1
ATCATCTCAGCCACCA-1_1,1
ATCATCTGTCCATCCT-1_1,1
ATCATCTGTCCGAACC-1_1,1
ATCATCTGTTGAACTC-1_1,1
ATCATCTTCGGCTTGG-1_1,1
ATCATGGAGAAAGTGG-1_1,1
ATCATGGAGGCCCGTT-1_1,1
ATCATGGAGTTCGCAT-1_1,1
ATCATGGCAAGAAAGG-1_1,1
ATCATGGCACAAGACG-1_1,1
ATCATGGCACGGATAG-1_1,1
ATCATGGCATATGCTG-1_1,1
ATCATGGGTCATCGGC-1_1,1
ATCATGGGTCGGCTCA-1_1,1
ATCATGGTCAAACAAG-1_1,1
ATCATGGTCAAGGTAA-1_1,1
ATCATGGTCGGAAACG-1_1,1
ATCCACCAGAGTAAGG-1_1,1
ATCCACCAGCTAACTC-1_1,1
ATCCACCAGTTGTAGA-1_1,1
ATCCACCCATCGATTG-1_1,1
ATCCACCGTAACGCGA-1_1,1
ATCCACCGTAATTGGA-1_1,1
ATCCACCGTCAGAATA-1_1,1
ATCCACCGTGATGCCC-1_1,1
ATCCACCGTTAGATGA-1_1,1
ATCCACCTCTGAAAGA-1_1,1
ATCCGAAAGATCCGAG-1_1,1
ATCCGAAAGTGTTTGC-1_1,1
ATCCGAACAGGTCCAC-1_1,1
ATCCGAATCACATGCA-1_1,1
ATCCGAATCCAATGGT-1_1,1
ATCCGAATCTGGCGTG-1_1,1
ATCCGAATCTGTCCGT-1_1,1
ATCGAGTAGGTACTCT-1_1,1
ATCGAGTGTACAAGTA-1_1,1
ATCGAGTTCTCTTGAT-1_1,1
ATCTACTCAACTGCTA-1_1,1
ATCTACTCACTCTGTC-1_1,1
ATCTACTGTAGCTTGT-1_1,1
ATCTACTGTGGCTCCA-1_1,1
ATCTACTTCACGCATA-1_1,1
ATCTACTTCCAGGGCT-1_1,1
ATCTACTTCCTAGTGA-1_1,1
ATCTGCCAGAATGTGT-1_1,1
ATCTGCCAGACTGTAA-1_1,1
ATCTGCCAGAGTGAGA-1_1,1
ATCTGCCAGGCGCTCT-1_1,1
ATCTGCCAGTAGCGGT-1_1,1
ATCTGCCTCACCACCT-1_1,1
ATGAGGGAGAGTAAGG-1_1,1
ATGAGGGAGCTGAAAT-1_1,1
ATGAGGGAGTGAAGAG-1_1,1
ATGAGGGGTATGAATG-1_1,1
ATGAGGGGTTATGTGC-1_1,1
ATGAGGGGTTCCACGG-1_1,1
ATGAGGGTCTCGATGA-1_1,1
ATGAGGGTCTGCGACG-1_1,1
ATGCGATGTAAGCACG-1_1,1
ATGCGATGTTGCGCAC-1_1,1
ATGGGAGCAATCGGTT-1_1,1
ATGGGAGCAGGCTCAC-1_1,1
ATGGGAGGTGTAATGA-1_1,1
ATGGGAGTCTCAAACG-1_1,1
ATGGGAGTCTGCAGTA-1_1,1
ATGGGAGTCTTAGCCC-1_1,1
ATGTGTGAGGCCATAG-1_1,1
ATGTGTGGTCCATGAT-1_1,1
ATGTGTGTCACGCGGT-1_1,1
ATGTGTGTCCGTACAA-1_1,1
ATGTGTGTCGGATGGA-1_1,1
ATGTGTGTCTAAGCCA-1_1,1
ATTACTCAGAGCAATT-1_1,1
ATTACTCAGGCACATG-1_1,1
ATTACTCAGTACGTAA-1_1,1
ATTACTCGTGGGTATG-1_1,1
ATTATCCAGAAACCGC-1_1,1
ATTATCCAGACTAGGC-1_1,1
ATTATCCCACAAGCCC-1_1,1
ATTATCCCATTTGCTT-1_1,1
ATTATCCGTAAGTGGC-1_1,1
ATTATCCGTCCGAGTC-1_1,1
ATTATCCTCTCTGTCG-1_1,1
ATTATCCTCTGCCAGG-1_1,1
ATTCTACCAACTTGAC-1_1,1
ATTCTACGTGTGCGTC-1_1,1
ATTCTACTCAATAAGG-1_1,1
ATTCTACTCCTTGACC-1_1,1
ATTGGACCACCAGGTC-1_1,1
ATTGGACTCATTTGGG-1_1,1
ATTGGTGAGGCTCAGA-1_1,1
ATTGGTGAGTAGATGT-1_1,1
ATTGGTGCAAAGCAAT-1_1,1
ATTGGTGCACGGTAGA-1_1,1
ATTGGTGCAGCTCGCA-1_1,1
ATTGGTGCAGTATGCT-1_1,1
ATTGGTGCATCGATTG-1_1,1
ATTGGTGCATCTCGCT-1_1,1
ATTTCTGAGGCGATAC-1_1,1
ATTTCTGAGGGCACTA-1_1,1
ATTTCTGCAACACCCG-1_1,1
ATTTCTGGTCAGAGGT-1_1,1
ATTTCTGGTCCAGTTA-1_1,1
ATTTCTGTCAACCAAC-1_1,1
ATTTCTGTCAGATAAG-1_1,1
ATTTCTGTCATCACCC-1_1,1
ATTTCTGTCTATCCCG-1_1,1
ATTTCTGTCTCGCTTG-1_1,1
CAACCAACAATGGATA-1_1,1
CAACCAACACTAGTAC-1_1,1
CAACCAACAGCCTTGG-1_1,1
CAACCAAGTAAGTGGC-1_1,1
CAACCTCCATTAACCG-1_1,1
CAACCTCGTAAGAGAG-1_1,1
CAACCTCTCTCGTATT-1_1,1
CAACTAGAGAGTCGGT-1_1,1
CAACTAGCATCCCATC-1_1,1
CAACTAGCATTACGAC-1_1,1
CAACTAGGTTTCCACC-1_1,1
CAACTAGTCTGGAGCC-1_1,1
CAAGAAAGTAAATGTG-1_1,1
CAAGAAATCTTCTGGC-1_1,1
CAAGATCCAACTGCTA-1_1,1
CAAGATCCAATGTAAG-1_1,1
CAAGATCCAGACTCGC-1_1,1
CAAGATCCATTCTTAC-1_1,1
CAAGATCGTACATGTC-1_1,1
CAAGATCGTTAGATGA-1_1,1
CAAGATCTCATTGCCC-1_1,1
CAAGGCCCAGGCTCAC-1_1,1
CAAGGCCGTGAGGGAG-1_1,1
CAAGGCCTCCTTGGTC-1_1,1
CAAGGCCTCTCCCTGA-1_1,1
CAAGTTGAGGACAGAA-1_1,1
CAAGTTGCAATGGACG-1_1,1
CAAGTTGGTACCGTTA-1_1,1
CAAGTTGGTATAGTAG-1_1,1
CAAGTTGGTCGCCATG-1_1,1
CAAGTTGGTTGTGGCC-1_1,1
CAAGTTGTCGGTGTTA-1_1,1
CACAAACCAGTGACAG-1_1,1
CACAAACCATGGATGG-1_1,1
CACAAACCATTCTTAC-1_1,1
CACAAACGTTCACCTC-1_1,1
CACAAACTCCACTCCA-1_1,1
CACACAAAGACGCACA-1_1,1
CACACAAAGTATTGGA-1_1,1
CACACAACATACGCCG-1_1,1
CACACAAGTACGAAAT-1_1,1
CACACAAGTGAGGGTT-1_1,1
CACACAATCACCGGGT-1_1,1
CACACAATCCCTTGTG-1_1,1
CACACCTAGTGCAAGC-1_1,1
CACACCTCAAGGCTCC-1_1,1
CACACCTCATTCGACA-1_1,1
CACACCTGTTGGTTTG-1_1,1
CACACCTTCATTCACT-1_1,1
CACACCTTCCACGTTC-1_1,1
CACACCTTCCCAAGAT-1_1,1
CACACCTTCCTTTACA-1_1,1
CACACCTTCTAAGCCA-1_1,1
CACACTCAGTATCTCG-1_1,1
CACACTCCAGGTCTCG-1_1,1
CACACTCCAGGTGGAT-1_1,1
CACACTCGTCAGAGGT-1_1,1
CACAGGCCATGCATGT-1_1,1
CACAGGCGTTGATTCG-1_1,1
CACAGGCTCTCGGACG-1_1,1
CACAGTAAGTGGGTTG-1_1,1
CACAGTACACCGGAAA-1_1,1
CACAGTACATCGATTG-1_1,1
CACAGTACATGGAATA-1_1,1
CACAGTATCAACCAAC-1_1,1
CACAGTATCGTGGGAA-1_1,1
CACATAGCATTAGGCT-1_1,1
CACATTTAGATCTGCT-1_1,1
CACATTTAGGCAAAGA-1_1,1
CACATTTAGTATGACA-1_1,1
CACATTTCAATGTAAG-1_1,1
CACATTTGTAGCTAAA-1_1,1
CACATTTTCTTGAGAC-1_1,1
CACCAGGAGCTGCAAG-1_1,1
CACCAGGAGTACACCT-1_1,1
CACCAGGCATGCCACG-1_1,1
CACCAGGGTTAAGTAG-1_1,1
CACCAGGGTTCGGCAC-1_1,1
CACCAGGTCCAAAGTC-1_1,1
CACCAGGTCCCTAACC-1_1,1
CACCAGGTCTTCATGT-1_1,1
CACCTTGAGGCTCTTA-1_1,1
CACCTTGCAAACTGCT-1_1,1
CACCTTGCAAATACAG-1_1,1
CACCTTGTCACCTCGT-1_1,1
CACCTTGTCCTGCTTG-1_1,1
CACTCCAAGTTCGCGC-1_1,1
CACTCCACAGTTTACG-1_1,1
CACTCCACATTTGCCC-1_1,1
CAGAATCAGCGATTCT-1_1,1
CAGAATCAGTCTCGGC-1_1,1
CAGAATCCATTACCTT-1_1,1
CAGAATCGTAGTGAAT-1_1,1
CAGAATCTCACCGGGT-1_1,1
CAGAATCTCCGTAGTA-1_1,1
CAGAGAGAGCTAGTGG-1_1,1
CAGAGAGGTAGGGTAC-1_1,1
CAGATCAAGAACTCGG-1_1,1
CAGATCAGTACCGTAT-1_1,1
CAGATCAGTCAAACTC-1_1,1
CAGATCAGTCGCATCG-1_1,1
CAGATCATCCAGGGCT-1_1,1
CAGATCATCCCTTGTG-1_1,1
CAGCAGCTCATAGCAC-1_1,1
CAGCAGCTCCTAGAAC-1_1,1
CAGCAGCTCCTCAATT-1_1,1
CAGCATAAGGTGTTAA-1_1,1
CAGCATAAGTCAAGCG-1_1,1
CAGCATACAAGGACAC-1_1,1
CAGCATACACGAAATA-1_1,1
CAGCATACATTAGCCA-1_1,1
CAGCATAGTACCCAAT-1_1,1
CAGCATAGTGTGACCC-1_1,1
CAGCCGACAATACGCT-1_1,1
CAGCCGACATACTACG-1_1,1
CAGCCGAGTATAGTAG-1_1,1
CAGCCGAGTGGTGTAG-1_1,1
CAGCCGAGTTCCACGG-1_1,1
CAGCCGATCCTGCCAT-1_1,1
CAGCCGATCTGGCGTG-1_1,1
CAGCCGATCTTCGGTC-1_1,1
CAGCGACAGCCACGTC-1_1,1
CAGCGACAGTGTCCAT-1_1,1
CAGCGACCAATCGAAA-1_1,1
CAGCGACCACTTGGAT-1_1,1
CAGCGACCATACCATG-1_1,1
CAGCGACTCACTTACT-1_1,1
CAGCGACTCAGCTCGG-1_1,1
CAGCTAAAGAGTCTGG-1_1,1
CAGCTAAAGGACGAAA-1_1,1
CAGCTAAAGGTGTTAA-1_1,1
CAGCTAACACCTATCC-1_1,1
CAGCTAACACGAAACG-1_1,1
CAGCTAACACTCTGTC-1_1,1
CAGCTAACATGAAGTA-1_1,1
CAGCTAAGTCTTTCAT-1_1,1
CAGCTAATCACCCTCA-1_1,1
CAGCTAATCAGCATGT-1_1,1
CAGCTGGAGATGAGAG-1_1,1
CAGGTGCAGTACTTGC-1_1,1
CAGGTGCCACGGCCAT-1_1,1
CAGGTGCCATACGCCG-1_1,1
CAGGTGCGTGGTACAG-1_1,1
CAGTAACCAAAGTCAA-1_1,1
CAGTAACGTACGAAAT-1_1,1
CAGTCCTAGATGTCGG-1_1,1
CAGTCCTCAACAACCT-1_1,1
CAGTCCTTCATCGCTC-1_1,1
CAGTCCTTCATTTGGG-1_1,1
CATATGGCAATCTACG-1_1,1
CATATGGGTGTAATGA-1_1,1
CATATGGTCACCCGAG-1_1,1
CATATTCAGAGAGCTC-1_1,1
CATATTCAGCCTTGAT-1_1,1
CATATTCAGGGTCGAT-1_1,1
CATATTCAGGTGTGGT-1_1,1
CATATTCCACCAGGTC-1_1,1
CATATTCCATGAAGTA-1_1,1
CATATTCGTGCGAAAC-1_1,1
CATATTCGTTCACCTC-1_1,1
CATATTCTCTTCCTTC-1_1,1
CATCAAGAGTGATCGG-1_1,1
CATCAAGGTACAGCAG-1_1,1
CATCAAGGTCATGCAT-1_1,1
CATCAAGTCTGAAAGA-1_1,1
CATCAGAAGTCTCGGC-1_1,1
CATCAGACAACCGCCA-1_1,1
CATCAGACACCTCGGA-1_1,1
CATCAGAGTACAAGTA-1_1,1
CATCAGAGTTCCCGAG-1_1,1
CATCAGATCATGGTCA-1_1,1
CATCCACAGGCATTGG-1_1,1
CATCCACAGTACACCT-1_1,1
CATCCACCAACTGGCC-1_1,1
CATCCACCAAGCCCAC-1_1,1
CATCCACCAAGGCTCC-1_1,1
CATCCACCACGTCTCT-1_1,1
CATCCACCATCGGTTA-1_1,1
CATCCACGTATATCCG-1_1,1
CATCCACGTATGAAAC-1_1,1
CATCCACGTCGACTAT-1_1,1
CATCCACTCTACTATC-1_1,1
CATCGAACAATAGAGT-1_1,1
CATCGAACATGGTTGT-1_1,1
CATCGAATCATCGATG-1_1,1
CATCGAATCCTGCTTG-1_1,1
CATCGAATCGCCTGTT-1_1,1
CATCGGGAGGTAAACT-1_1,1
CATCGGGCAACACCTA-1_1,1
CATCGGGCAAGTCATC-1_1,1
CATCGGGGTATATCCG-1_1,1
CATCGGGGTTACGTCA-1_1,1
CATGACAAGCCGGTAA-1_1,1
CATGACAGTTCATGGT-1_1,1
CATGACAGTTGGTAAA-1_1,1
CATGACATCACCACCT-1_1,1
CATGACATCCCAACGG-1_1,1
CATGCCTGTAAACACA-1_1,1
CATGCCTTCCAGTAGT-1_1,1
CATGCCTTCTGCAGTA-1_1,1
CATGGCGCACAAGACG-1_1,1
CATGGCGGTAAGAGGA-1_1,1
CATGGCGGTATATGGA-1_1,1
CATTATCAGATAGTCA-1_1,1
CATTATCAGGAGTAGA-1_1,1
CATTATCCAAAGGAAG-1_1,1
CATTATCGTAGCTAAA-1_1,1
CATTATCGTATATGAG-1_1,1
CATTATCGTCGCATAT-1_1,1
CATTATCGTGAAATCA-1_1,1
CATTATCGTGCCTGGT-1_1,1
CATTCGCAGTCAATAG-1_1,1
CATTCGCCACACAGAG-1_1,1
CCAATCCAGGTGCACA-1_1,1
CCAATCCGTATGAAAC-1_1,1
CCAATCCGTCATACTG-1_1,1
CCAATCCGTGTCTGAT-1_1,1
CCAATCCTCCGTCAAA-1_1,1
CCAATCCTCTGTCTCG-1_1,1
CCACCTAAGCAGATCG-1_1,1
CCACCTACAATGACCT-1_1,1
CCACCTACACTCTGTC-1_1,1
CCACCTACAGACTCGC-1_1,1
CCACCTACAGATCTGT-1_1,1
CCACCTAGTAGTACCT-1_1,1
CCACCTATCACAGGCC-1_1,1
CCACCTATCGATCCCT-1_1,1
CCACCTATCGGAAACG-1_1,1
CCACGGAAGGAGTCTG-1_1,1
CCACGGACACCAGGCT-1_1,1
CCACGGAGTGCTCTTC-1_1,1
CCACGGAGTGGGTCAA-1_1,1
CCACTACCATACCATG-1_1,1
CCACTACGTAGAAAGG-1_1,1
CCACTACGTGCTCTTC-1_1,1
CCACTACTCAGGTAAA-1_1,1
CCACTACTCAGTACGT-1_1,1
CCACTACTCGAGGTAG-1_1,1
CCAGCGAAGCGATAGC-1_1,1
CCAGCGACATATGAGA-1_1,1
CCATGTCAGCGTCTAT-1_1,1
CCATGTCAGGCCCGTT-1_1,1
CCATGTCGTACGCACC-1_1,1
CCATTCGAGGCATGTG-1_1,1
CCATTCGAGGTGCAAC-1_1,1
CCATTCGCATGTAGTC-1_1,1
CCATTCGGTACCGTAT-1_1,1
CCATTCGGTCAAACTC-1_1,1
CCATTCGGTGGTACAG-1_1,1
CCATTCGTCACCATAG-1_1,1
CCATTCGTCATCACCC-1_1,1
CCATTCGTCTGTTTGT-1_1,1
CCCAATCAGGTAGCTG-1_1,1
CCCAGTTAGCCACCTG-1_1,1
CCCAGTTCACAGATTC-1_1,1
CCCAGTTCATCCAACA-1_1,1
CCCAGTTCATTCGACA-1_1,1
CCCAGTTTCTAACTTC-1_1,1
CCCATACGTCACCCAG-1_1,1
CCCATACTCAACTCTT-1_1,1
CCCATACTCGCCGTGA-1_1,1
CCCTCCTAGGCAATTA-1_1,1
CCCTCCTCAAGCCGCT-1_1,1
CCCTCCTCAGCCAATT-1_1,1
CCCTCCTCAGGGTACA-1_1,1
CCCTCCTGTCAAAGCG-1_1,1
CCCTCCTGTCAGAATA-1_1,1
CCCTCCTGTGTCTGAT-1_1,1
CCCTCCTTCACATACG-1_1,1
CCCTCCTTCCGCTGTT-1_1,1
CCGGGATAGTAACCCT-1_1,1
CCGGGATCAACCGCCA-1_1,1
CCGGGATCAGAGTGTG-1_1,1
CCGGGATGTACATGTC-1_1,1
CCGGGATTCCCATTAT-1_1,1
CCGGGATTCGGCGCAT-1_1,1
CCGGTAGAGTGTCCCG-1_1,1
CCGGTAGCATGTCGAT-1_1,1
CCGGTAGGTATTCGTG-1_1,1
CCGTACTAGTGTCCAT-1_1,1
CCGTACTGTCTACCTC-1_1,1
CCGTACTGTCTTTCAT-1_1,1
CCGTACTTCGTTGACA-1_1,1
CCGTGGAAGAATCTCC-1_1,1
CCGTGGACAAGGTTTC-1_1,1
CCGTGGAGTTCGCGAC-1_1,1
CCGTTCAAGACTTGAA-1_1,1
CCGTTCAAGGTGATAT-1_1,1
CCGTTCACAACGCACC-1_1,1
CCGTTCACACCTTGTC-1_1,1
CCGTTCAGTAATCGTC-1_1,1
CCTAAAGCACGGACAA-1_1,1
CCTAAAGCAGGGTTAG-1_1,1
CCTAAAGCATCACAAC-1_1,1
CCTAAAGTCCTACAGA-1_1,1
CCTAAAGTCTCTGAGA-1_1,1
CCTACACCACGGCCAT-1_1,1
CCTACACCAGCTCGCA-1_1,1
CCTACACGTCACCTAA-1_1,1
CCTACACGTGACGCCT-1_1,1
CCTACCAAGACTGGGT-1_1,1
CCTACCAAGGATGCGT-1_1,1
CCTACCAAGGGTATCG-1_1,1
CCTACCACAACACGCC-1_1,1
CCTACCACAAGTTCTG-1_1,1
CCTACCACACTTACGA-1_1,1
CCTACCATCAACACAC-1_1,1
CCTACCATCTTCATGT-1_1,1
CCTACCATCTTGCAAG-1_1,1
CCTAGCTAGGACACCA-1_1,1
CCTAGCTCAATGAATG-1_1,1
CCTAGCTTCATGTGGT-1_1,1
CCTAGCTTCCCAAGTA-1_1,1
CCTATTAAGTCTCAAC-1_1,1
CCTATTAGTCCTGCTT-1_1,1
CCTATTAGTTGTACAC-1_1,1
CCTATTAGTTGTTTGG-1_1,1
CCTATTATCGGACAAG-1_1,1
CCTATTATCGGCTACG-1_1,1
CCTCAGTAGATCGGGT-1_1,1
CCTCAGTCAGAGCCAA-1_1,1
CCTCAGTGTTATCGGT-1_1,1
CCTCAGTTCCGTAGGC-1_1,1
CCTCTGAAGAGAACAG-1_1,1
CCTCTGAAGCTGCCCA-1_1,1
CCTCTGACAAACGTGG-1_1,1
CCTCTGACACGCGAAA-1_1,1
CCTCTGAGTACGCACC-1_1,1
CCTCTGAGTGACGGTA-1_1,1
CCTCTGATCGCCGTGA-1_1,1
CCTCTGATCGTCCAGG-1_1,1
CCTTACGAGCCAACAG-1_1,1
CCTTACGAGTAATCCC-1_1,1
CCTTACGAGTACGTAA-1_1,1
CCTTACGCAATAGCGG-1_1,1
CCTTACGCAGATCTGT-1_1,1
CCTTACGGTAAGTTCC-1_1,1
CCTTACGGTGTGGTTT-1_1,1
CCTTACGGTTGCCTCT-1_1,1
CCTTCCCCAGATGGCA-1_1,1
CCTTCCCGTACCGAGA-1_1,1
CCTTCCCTCTCGCATC-1_1,1
CCTTCGACAACGATCT-1_1,1
CCTTCGAGTAGGACAC-1_1,1
CCTTCGATCCTAGAAC-1_1,1
CCTTCGATCGTCCGTT-1_1,1
CCTTCGATCGTGGACC-1_1,1
CCTTCGATCTGCAGTA-1_1,1
CCTTTCTAGCGAAGGG-1_1,1
CCTTTCTCACATTCGA-1_1,1
CCTTTCTCAGCCAATT-1_1,1
CCTTTCTCAGGGTATG-1_1,1
CCTTTCTGTACTTAGC-1_1,1
CCTTTCTGTTACAGAA-1_1,1
CCTTTCTGTTCAGCGC-1_1,1
CCTTTCTTCAAGGCTT-1_1,1
CCTTTCTTCATAACCG-1_1,1
CCTTTCTTCCCTAATT-1_1,1
CCTTTCTTCCCTCAGT-1_1,1
CGAACATAGTTGAGAT-1_1,1
CGAACATCAGTCAGCC-1_1,1
CGAACATGTGTCGCTG-1_1,1
CGAACATTCTCTAAGG-1_1,1
CGAATGTAGTCCATAC-1_1,1
CGAATGTTCCAAGCCG-1_1,1
CGAATGTTCCTCCTAG-1_1,1
CGACCTTAGAGCCCAA-1_1,1
CGACCTTAGTCCATAC-1_1,1
CGACCTTCAGCAGTTT-1_1,1
CGACCTTCATGAACCT-1_1,1
CGACCTTGTCGTCTTC-1_1,1
CGACCTTTCTTGACGA-1_1,1
CGACTTCAGCACACAG-1_1,1
CGACTTCCAAAGTCAA-1_1,1
CGACTTCGTAACGTTC-1_1,1
CGACTTCGTCGGCATC-1_1,1
CGACTTCGTGAGGGTT-1_1,1
CGACTTCTCATGCAAC-1_1,1
CGACTTCTCTAACTTC-1_1,1
CGAGAAGAGTGGGATC-1_1,1
CGAGAAGCAAGTACCT-1_1,1
CGAGAAGGTGATGATA-1_1,1
CGAGAAGTCGCCGTGA-1_1,1
CGAGCACGTAAGAGAG-1_1,1
CGAGCCAAGACAATAC-1_1,1
CGAGCCAAGATATGGT-1_1,1
CGAGCCAAGGTGATAT-1_1,1
CGATCGGAGCTGATAA-1_1,1
CGATCGGTCGAGAACG-1_1,1
CGATGGCAGCTGATAA-1_1,1
CGATGGCAGGCGACAT-1_1,1
CGATGGCTCAGCACAT-1_1,1
CGATGGCTCCTATTCA-1_1,1
CGATGGCTCGTAGGTT-1_1,1
CGATTGAAGTGACTCT-1_1,1
CGATTGACAGTCCTTC-1_1,1
CGATTGAGTCGCCATG-1_1,1
CGATTGATCCAGTAGT-1_1,1
CGCCAAGAGAGACTTA-1_1,1
CGCCAAGAGCTAAGAT-1_1,1
CGCCAAGCACCCATTC-1_1,1
CGCCAAGCATGCCTTC-1_1,1
CGCGGTAAGGCAGGTT-1_1,1
CGCGGTAGTTCCACGG-1_1,1
CGCGGTATCTATCCCG-1_1,1
CGCGGTATCTTATCTG-1_1,1
CGCGTTTAGTGGGTTG-1_1,1
CGCGTTTCACGGACAA-1_1,1
CGCGTTTGTAGGCTGA-1_1,1
CGCTATCCAATCTACG-1_1,1
CGCTATCCACATGGGA-1_1,1
CGCTATCGTACTCTCC-1_1,1
CGCTATCGTATTACCG-1_1,1
CGCTATCGTCACCTAA-1_1,1
CGCTATCTCAGCTCTC-1_1,1
CGCTATCTCAGTCCCT-1_1,1
CGCTATCTCGACGGAA-1_1,1
CGCTATCTCTTCAACT-1_1,1
CGCTATCTCTTGAGGT-1_1,1
CGCTGGAAGCCCAATT-1_1,1
CGCTGGAAGCTCTCGG-1_1,1
CGCTGGAAGGCCATAG-1_1,1
CGCTGGAGTTAGTGGG-1_1,1
CGCTGGATCACTCTTA-1_1,1
CGCTGGATCCAAACAC-1_1,1
CGCTGGATCGGTGTCG-1_1,1
CGCTTCAAGAACTCGG-1_1,1
CGGACACAGACAAAGG-1_1,1
CGGACACAGCGTAATA-1_1,1
CGGACACAGGACATTA-1_1,1
CGGACACAGGGCACTA-1_1,1
CGGACACAGTGAAGTT-1_1,1
CGGACACCAAGTAATG-1_1,1
CGGACACGTCCAGTAT-1_1,1
CGGACACGTTGGTGGA-1_1,1
CGGACACTCTGGCGTG-1_1,1
CGGACGTCATGCCACG-1_1,1
CGGACGTTCGCCCTTA-1_1,1
CGGACTGAGTGCCAGA-1_1,1
CGGACTGCACTGTCGG-1_1,1
CGGACTGCAGTGACAG-1_1,1
CGGACTGCATAGGATA-1_1,1
CGGACTGCATGAGCGA-1_1,1
CGGACTGTCGCCATAA-1_1,1
CGGAGCTGTCTTTCAT-1_1,1
CGGAGCTGTGCAACTT-1_1,1
CGGAGCTGTGCCTGGT-1_1,1
CGGAGCTTCTGTCTCG-1_1,1
CGGAGTCAGGAATCGC-1_1,1
CGGAGTCCAATGACCT-1_1,1
CGGAGTCTCAGAAATG-1_1,1
CGGAGTCTCGTTGCCT-1_1,1
CGGAGTCTCTACTCAT-1_1,1
CGGCTAGAGGATGCGT-1_1,1
CGGCTAGCAGGGATTG-1_1,1
CGGCTAGGTAGCTCCG-1_1,1
CGGGTCAAGAGTAATC-1_1,1
CGGGTCACAAAGAATC-1_1,1
CGGGTCATCATCGGAT-1_1,1
CGGTTAAAGAAGGACA-1_1,1
CGGTTAACACTGTCGG-1_1,1
CGGTTAACAGTGAGTG-1_1,1
CGGTTAACATCAGTAC-1_1,1
CGGTTAAGTTAGGGTG-1_1,1
CGGTTAAGTTCGTCTC-1_1,1
CGGTTAATCAGCTTAG-1_1,1
CGTAGCGAGCTGCGAA-1_1,1
CGTAGCGAGGTGCAAC-1_1,1
CGTAGCGCACAGGCCT-1_1,1
CGTAGCGCATGAAGTA-1_1,1
CGTAGCGGTATGAATG-1_1,1
CGTAGGCAGAATGTGT-1_1,1
CGTAGGCAGCATGGCA-1_1,1
CGTAGGCTCAGCCTAA-1_1,1
CGTAGGCTCAGCGATT-1_1,1
CGTCACTAGAGCCTAG-1_1,1
CGTCACTCACACGCTG-1_1,1
CGTCACTGTGCACCAC-1_1,1
CGTCACTGTTCCGGCA-1_1,1
CGTCAGGAGAATGTGT-1_1,1
CGTCAGGAGAGGACGG-1_1,1
CGTCAGGAGGTAGCCA-1_1,1
CGTCAGGGTCAACTGT-1_1,1
CGTCAGGTCAGGCCCA-1_1,1
CGTCAGGTCGTCACGG-1_1,1
CGTCCATCATCGTCGG-1_1,1
CGTCCATGTATAGGTA-1_1,1
CGTCTACAGTTAAGTG-1_1,1
CGTCTACCAACACCTA-1_1,1
CGTCTACCATGGGAAC-1_1,1
CGTCTACGTAATTGGA-1_1,1
CGTCTACGTGACAAAT-1_1,1
CGTCTACGTTTCCACC-1_1,1
CGTGAGCCAAAGAATC-1_1,1
CGTGAGCGTAAGAGGA-1_1,1
CGTGAGCGTACCTACA-1_1,1
CGTGAGCTCGACGGAA-1_1,1
CGTGAGCTCTCTAGGA-1_1,1
CGTGTAAAGATCGATA-1_1,1
CGTGTAATCGGTCCGA-1_1,1
CGTGTCTAGATGTGTA-1_1,1
CGTGTCTAGTGCGTGA-1_1,1
CGTGTCTAGTTTGCGT-1_1,1
CGTGTCTTCTTGCAAG-1_1,1
CGTTAGAAGGGAACGG-1_1,1
CGTTAGACATTGCGGC-1_1,1
CGTTAGAGTCGACTAT-1_1,1
CGTTAGATCAACACCA-1_1,1
CGTTAGATCATCGGAT-1_1,1
CGTTAGATCCTTTCTC-1_1,1
CGTTAGATCGCGGATC-1_1,1
CGTTAGATCTTGTATC-1_1,1
CGTTCTGAGGTCATCT-1_1,1
CGTTCTGAGTTACGGG-1_1,1
CGTTCTGCAAGAAAGG-1_1,1
CGTTCTGCACAGCCCA-1_1,1
CGTTCTGTCCTGTACC-1_1,1
CGTTCTGTCGCCGTGA-1_1,1
CGTTGGGCACGACTCG-1_1,1
CGTTGGGCAGAGTGTG-1_1,1
CGTTGGGCAGGAACGT-1_1,1
CGTTGGGGTAGAAAGG-1_1,1
CGTTGGGGTAGCGCAA-1_1,1
CGTTGGGGTCTCGTTC-1_1,1
CGTTGGGGTTCACCTC-1_1,1
CTAACTTAGAACAATC-1_1,1
CTAACTTCAGATTGCT-1_1,1
CTAACTTGTAAGTGTA-1_1,1
CTAACTTGTCCAGTTA-1_1,1
CTAACTTGTCGCCATG-1_1,1
CTAACTTGTGATGCCC-1_1,1
CTAAGACAGCGATCCC-1_1,1
CTAAGACTCAACGCTA-1_1,1
CTAAGACTCGTAGGTT-1_1,1
CTAATGGAGCAGACTG-1_1,1
CTACACCAGACTTGAA-1_1,1
CTACACCAGCTGAAAT-1_1,1
CTACACCAGGAGTTTA-1_1,1
CTACACCCACGACGAA-1_1,1
CTACACCCAGAGTGTG-1_1,1
CTACACCGTCAAAGAT-1_1,1
CTACACCGTCCATCCT-1_1,1
CTACACCGTCGCTTCT-1_1,1
CTACACCGTTGTGGCC-1_1,1
CTACACCTCGTTGCCT-1_1,1
CTACATTTCAAGATCC-1_1,1
CTACATTTCATAGCAC-1_1,1
CTACATTTCCGTTGTC-1_1,1
CTACATTTCTACTCAT-1_1,1
CTACATTTCTTGCAAG-1_1,1
CTACCCAAGTCCAGGA-1_1,1
CTACCCAGTGAGGGAG-1_1,1
CTACCCAGTGTCCTCT-1_1,1
CTACCCATCTCCCTGA-1_1,1
CTACGTCAGCTGCCCA-1_1,1
CTACGTCAGGTGCTAG-1_1,1
CTACGTCAGTCGAGTG-1_1,1
CTACGTCCACTAAGTC-1_1,1
CTAGAGTAGCGTGTCC-1_1,1
CTAGAGTAGCTGATAA-1_1,1
CTAGAGTGTGAGGGAG-1_1,1
CTAGAGTTCATGTAGC-1_1,1
CTAGAGTTCTCGGACG-1_1,1
CTAGAGTTCTTACCGC-1_1,1
CTAGCCTAGACTAAGT-1_1,1
CTAGCCTAGCACGCCT-1_1,1
CTAGCCTAGCCACTAT-1_1,1
CTAGCCTAGGGCATGT-1_1,1
CTAGCCTAGTTAGCGG-1_1,1
CTAGCCTTCTGTCTCG-1_1,1
CTAGTGAGTTGTCGCG-1_1,1
CTAGTGATCTTTAGGG-1_1,1
CTCACACCAGTTCCCT-1_1,1
CTCACACCATGGATGG-1_1,1
CTCACACGTACATCCA-1_1,1
CTCACACGTGCTAGCC-1_1,1
CTCACACGTTGTACAC-1_1,1
CTCACACTCCTGTAGA-1_1,1
CTCACACTCTGATTCT-1_1,1
CTCAGAACAAGTACCT-1_1,1
CTCAGAAGTACCAGTT-1_1,1
CTCAGAAGTTTGACTG-1_1,1
CTCAGAATCATGTGGT-1_1,1
CTCATTATCTCGCTTG-1_1,1
CTCATTATCTTGCCGT-1_1,1
CTCCTAGCAGTCACTA-1_1,1
CTCCTAGGTAATTGGA-1_1,1
CTCCTAGTCAATACCG-1_1,1
CTCCTAGTCTTCGGTC-1_1,1
CTCGAAAGTCATTAGC-1_1,1
CTCGAGGAGCACACAG-1_1,1
CTCGAGGCAATGGACG-1_1,1
CTCGAGGTCAACACTG-1_1,1
CTCGAGGTCGCAGGCT-1_1,1
CTCGAGGTCTGAAAGA-1_1,1
CTCGGAGAGGATGTAT-1_1,1
CTCGGAGAGGTTACCT-1_1,1
CTCGGAGCACATTAGC-1_1,1
CTCGGAGCAGTCTTCC-1_1,1
CTCGGAGCATAAAGGT-1_1,1
CTCGGAGCATGCCACG-1_1,1
CTCGGAGGTACCATCA-1_1,1
CTCGGAGTCAGCTCTC-1_1,1
CTCGGGAAGAATCTCC-1_1,1
CTCGGGAAGAGCCTAG-1_1,1
CTCGGGAGTCGGCTCA-1_1,1
CTCGTACAGAATGTTG-1_1,1
CTCGTACAGATACACA-1_1,1
CTCGTACGTTAGAACA-1_1,1
CTCGTACGTTCCACTC-1_1,1
CTCGTCACATACCATG-1_1,1
CTCGTCACATCACAAC-1_1,1
CTCGTCAGTATTAGCC-1_1,1
CTCGTCAGTGCGAAAC-1_1,1
CTCGTCATCTTAGCCC-1_1,1
CTCTAATAGCGAGAAA-1_1,1
CTCTAATCAATCACAC-1_1,1
CTCTAATCAGGCGATA-1_1,1
CTCTAATCATCTCGCT-1_1,1
CTCTAATGTCTTCGTC-1_1,1
CTCTAATGTGAGGGAG-1_1,1
CTCTAATGTTCAGGCC-1_1,1
CTCTAATGTTTCCACC-1_1,1
CTCTAATTCCAAACTG-1_1,1
CTCTACGCATAGAAAC-1_1,1
CTCTACGCATCCTTGC-1_1,1
CTCTACGGTAGCAAAT-1_1,1
CTCTACGGTCCTAGCG-1_1,1
CTCTACGGTGACAAAT-1_1,1
CTCTACGTCGAGCCCA-1_1,1
CTCTGGTAGAGATGAG-1_1,1
CTCTGGTAGGATGGAA-1_1,1
CTCTGGTAGTCAAGCG-1_1,1
CTCTGGTCAATCGAAA-1_1,1
CTCTGGTGTTACCAGT-1_1,1
CTCTGGTGTTATCACG-1_1,1
CTCTGGTTCATGGTCA-1_1,1
CTCTGGTTCGTACCGG-1_1,1
CTGAAACCAAAGGAAG-1_1,1
CTGAAACGTCATACTG-1_1,1
CTGAAACTCAAGAAGT-1_1,1
CTGAAACTCTCTTATG-1_1,1
CTGAAGTAGCGGATCA-1_1,1
CTGAAGTAGTCCGTAT-1_1,1
CTGAAGTGTCATATCG-1_1,1
CTGAAGTTCATGTAGC-1_1,1
CTGAAGTTCTCCCTGA-1_1,1
CTGAAGTTCTTCCTTC-1_1,1
CTGATAGAGCCTTGAT-1_1,1
CTGATAGCAGCGAACA-1_1,1
CTGATAGCATCTATGG-1_1,1
CTGATAGTCAACACAC-1_1,1
CTGATAGTCCTGCCAT-1_1,1
CTGATCCAGAGGTTAT-1_1,1
CTGATCCAGTGCCAGA-1_1,1
CTGATCCCATAAAGGT-1_1,1
CTGATCCGTTGATTGC-1_1,1
CTGCCTACAAACCTAC-1_1,1
CTGCCTACACATGTGT-1_1,1
CTGCCTAGTGATGTCT-1_1,1
CTGCCTATCGCAAACT-1_1,1
CTGCCTATCTGTCTAT-1_1,1
CTGCGGATCGACGGAA-1_1,1
CTGCTGTAGCGTAGTG-1_1,1
CTGCTGTCATACGCTA-1_1,1
CTGCTGTGTGAGTGAC-1_1,1
CTGCTGTTCATGTGGT-1_1,1
CTGGTCTAGTTAACGA-1_1,1
CTGGTCTCAATAGAGT-1_1,1
CTGGTCTGTCTAGCCG-1_1,1
CTGGTCTGTGCAACGA-1_1,1
CTGGTCTGTGCACTTA-1_1,1
CTGTGCTAGTGTTGAA-1_1,1
CTGTGCTCAACGATGG-1_1,1
CTGTGCTGTAATCACC-1_1,1
CTGTGCTTCTAAGCCA-1_1,1
CTGTTTAAGGCCCGTT-1_1,1
CTGTTTACATCGATTG-1_1,1
CTGTTTAGTACTTGAC-1_1,1
CTGTTTAGTCTGGTCG-1_1,1
CTGTTTAGTGGAAAGA-1_1,1
CTGTTTATCACAGTAC-1_1,1
CTTAACTGTACACCGC-1_1,1
CTTAACTGTGAGGGTT-1_1,1
CTTAACTTCGAATGCT-1_1,1
CTTACCGAGCCACCTG-1_1,1
CTTACCGAGCCACGTC-1_1,1
CTTACCGCAAGCTGAG-1_1,1
CTTACCGCAGACAGGT-1_1,1
CTTACCGTCAGTACGT-1_1,1
CTTAGGAAGAGCTTCT-1_1,1
CTTAGGACAACTTGAC-1_1,1
CTTAGGATCATGGTCA-1_1,1
CTTCTCTAGCTTATCG-1_1,1
CTTCTCTAGGCCCTTG-1_1,1
CTTCTCTAGGTAGCTG-1_1,1
CTTCTCTCAGGACGTA-1_1,1
CTTCTCTGTAGCGTAG-1_1,1
CTTCTCTGTATATGAG-1_1,1
CTTCTCTGTCGAGATG-1_1,1
CTTCTCTGTGAGGCTA-1_1,1
CTTCTCTTCAAGGTAA-1_1,1
CTTGGCTCAGACACTT-1_1,1
CTTTGCGCACCCATGG-1_1,1
CTTTGCGTCGTAGGAG-1_1,1
GAAACTCCAAGTTAAG-1_1,1
GAAACTCCACTTGGAT-1_1,1
GAAACTCGTAAATGTG-1_1,1
GAAACTCGTTCAACCA-1_1,1
GAAACTCTCTTGTTTG-1_1,1
GAAATGAAGGCTAGGT-1_1,1
GAAATGAAGTACCGGA-1_1,1
GAAATGACAAAGAATC-1_1,1
GAAATGACACGGCCAT-1_1,1
GAAATGACAGCTGTTA-1_1,1
GAACATCCATGTAGTC-1_1,1
GAACATCTCAATCACG-1_1,1
GAACCTAAGCTCTCGG-1_1,1
GAACCTAAGGGTATCG-1_1,1
GAACCTACACTCTGTC-1_1,1
GAACCTACAGGAACGT-1_1,1
GAACCTACAGGCTCAC-1_1,1
GAACCTACATTCTTAC-1_1,1
GAACCTAGTTAGATGA-1_1,1
GAACGGAAGCCACGTC-1_1,1
GAACGGAAGGCTACGA-1_1,1
GAACGGATCCCTTGTG-1_1,1
GAACGGATCGGAATCT-1_1,1
GAACGGATCGGCTACG-1_1,1
GAACGGATCTATCCCG-1_1,1
GAATAAGCACGGTGTC-1_1,1
GAATAAGCATATGGTC-1_1,1
GAATAAGGTACCGTAT-1_1,1
GAATAAGGTTCCGTCT-1_1,1
GAATAAGTCACCGTAA-1_1,1
GAATAAGTCCAGGGCT-1_1,1
GAATGAAAGAAACCGC-1_1,1
GAATGAAAGATGTAAC-1_1,1
GAATGAACAAGGTTCT-1_1,1
GAATGAAGTCAACTGT-1_1,1
GAATGAAGTTCAGACT-1_1,1
GAATGAATCTAAGCCA-1_1,1
GACACGCAGAACTCGG-1_1,1
GACACGCAGGCTATCT-1_1,1
GACACGCCAAGAAAGG-1_1,1
GACACGCGTATAATGG-1_1,1
GACACGCGTCCAGTAT-1_1,1
GACAGAGAGCCAGTAG-1_1,1
GACAGAGCAGATAATG-1_1,1
GACAGAGGTACAAGTA-1_1,1
GACAGAGGTACTTCTT-1_1,1
GACAGAGGTCCATCCT-1_1,1
GACAGAGTCTTCGAGA-1_1,1
GACCAATCAAGGGTCA-1_1,1
GACCAATCAAGGTGTG-1_1,1
GACCAATCACCTCGTT-1_1,1
GACCAATTCAGTTAGC-1_1,1
GACCAATTCATACGGT-1_1,1
GACCTGGCAAGGCTCC-1_1,1
GACCTGGTCATTGCGA-1_1,1
GACCTGGTCCTTGCCA-1_1,1
GACGCGTCAAGTTGTC-1_1,1
GACGCGTGTTGTTTGG-1_1,1
GACGGCTAGAGCTTCT-1_1,1
GACGGCTAGATCCCGC-1_1,1
GACGGCTAGCAATATG-1_1,1
GACGGCTGTCGCGTGT-1_1,1
GACGGCTGTTAGGGTG-1_1,1
GACGGCTGTTCATGGT-1_1,1
GACGGCTTCAGTTCGA-1_1,1
GACGGCTTCGGTCTAA-1_1,1
GACGTGCCAAGGTTTC-1_1,1
GACGTGCCACTCAGGC-1_1,1
GACGTGCCAGGACCCT-1_1,1
GACGTGCGTAATTGGA-1_1,1
GACGTGCGTTATGTGC-1_1,1
GACGTGCTCATGTCCC-1_1,1
GACGTGCTCGCATGGC-1_1,1
GACGTGCTCTCTGCTG-1_1,1
GACGTGCTCTTCATGT-1_1,1
GACGTTACACCGGAAA-1_1,1
GACGTTACAGCCTATA-1_1,1
GACGTTAGTTTCGCTC-1_1,1
GACGTTATCAAACCGT-1_1,1
GACGTTATCAAGCCTA-1_1,1
GACGTTATCCTATTCA-1_1,1
GACTAACAGGCGTACA-1_1,1
GACTAACCAAGCGATG-1_1,1
GACTAACCAGAGTGTG-1_1,1
GACTAACCAGGGCATA-1_1,1
GACTAACGTACAGCAG-1_1,1
GACTAACGTCGCTTTC-1_1,1
GACTACACAACCGCCA-1_1,1
GACTACACAAGTTCTG-1_1,1
GACTACACACATGACT-1_1,1
GACTACAGTTGGTGGA-1_1,1
GACTACATCCGCTGTT-1_1,1
GACTACATCTTTACAC-1_1,1
GACTGCGCACACCGCA-1_1,1
GACTGCGCACGCCAGT-1_1,1
GAGCAGAAGATAGCAT-1_1,1
GAGCAGAAGATGTGTA-1_1,1
GAGCAGAAGGATGGTC-1_1,1
GAGCAGAAGTACTTGC-1_1,1
GAGCAGAAGTCTTGCA-1_1,1
GAGCAGATCCTTAATC-1_1,1
GAGCAGATCTGGCGAC-1_1,1
GAGGTGAAGCGAGAAA-1_1,1
GAGGTGAAGGACACCA-1_1,1
GAGGTGACAGTCTTCC-1_1,1
GAGGTGACATTGAGCT-1_1,1
GAGGTGAGTTAGAACA-1_1,1
GAGGTGATCTCCAACC-1_1,1
GAGTCCGTCCCTAATT-1_1,1
GAGTCCGTCCGTAGTA-1_1,1
GAGTCCGTCGGTTCGG-1_1,1
GATCAGTAGCTACCTA-1_1,1
GATCAGTAGTGCCATT-1_1,1
GATCAGTCACCTCGGA-1_1,1
GATCAGTCAGAAGCAC-1_1,1
GATCAGTGTCTAACGT-1_1,1
GATCAGTGTGCAGGTA-1_1,1
GATCAGTGTTGTGGAG-1_1,1
GATCAGTTCACCTTAT-1_1,1
GATCGATAGACCGGAT-1_1,1
GATCGATAGAGTACCG-1_1,1
GATCGATAGTCCCACG-1_1,1
GATCGATCAGTACACT-1_1,1
GATCGATTCCTTTACA-1_1,1
GATCGATTCTTGTATC-1_1,1
GATCGCGAGCTGATAA-1_1,1
GATCGCGAGGCGTACA-1_1,1
GATCGCGCAGGATTGG-1_1,1
GATCGTACAAGCCATT-1_1,1
GATCGTACACTTCGAA-1_1,1
GATCGTAGTGATGTCT-1_1,1
GATCGTATCGATCCCT-1_1,1
GATCGTATCTATCCTA-1_1,1
GATCTAGAGAAGCCCA-1_1,1
GATCTAGAGCTAGGCA-1_1,1
GATCTAGAGTGACTCT-1_1,1
GATCTAGGTTACCAGT-1_1,1
GATCTAGTCATAGCAC-1_1,1
GATGAAAAGTAGGCCA-1_1,1
GATGAAACATGACGGA-1_1,1
GATGAAATCGATAGAA-1_1,1
GATGAAATCTTCGAGA-1_1,1
GATGAGGAGGCTATCT-1_1,1
GATGAGGAGTTCGCAT-1_1,1
GATGAGGCAGGCAGTA-1_1,1
GATGAGGGTTACGCGC-1_1,1
GATGAGGGTTCTGAAC-1_1,1
GATGCTAAGACAGAGA-1_1,1
GATGCTAAGTAGTGCG-1_1,1
GATGCTACACCAGATT-1_1,1
GATGCTAGTGTCAATC-1_1,1
GATGCTATCCGATATG-1_1,1
GATGCTATCGTTGACA-1_1,1
GATGCTATCTTACCTA-1_1,1
GATTCAGAGAAACGAG-1_1,1
GATTCAGAGAAGGACA-1_1,1
GATTCAGAGACGCACA-1_1,1
GATTCAGCATACTACG-1_1,1
GATTCAGCATCGATGT-1_1,1
GATTCAGGTCACCTAA-1_1,1
GATTCAGGTTTGGGCC-1_1,1
GATTCAGTCCTCAATT-1_1,1
GCAAACTGTCAGTGGA-1_1,1
GCAAACTTCGTAGATC-1_1,1
GCAATCAGTACCAGTT-1_1,1
GCAATCAGTCAGAAGC-1_1,1
GCACATAAGACAGGCT-1_1,1
GCACATAAGACTAAGT-1_1,1
GCACATACAGCTGTAT-1_1,1
GCACATAGTCGAGATG-1_1,1
GCACATATCCGTACAA-1_1,1
GCACATATCTATCCTA-1_1,1
GCACTCTAGATCTGCT-1_1,1
GCACTCTAGTACGCGA-1_1,1
GCACTCTCAGCTGTTA-1_1,1
GCACTCTGTCGCTTTC-1_1,1
GCACTCTGTCTGCGGT-1_1,1
GCACTCTGTGCAGACA-1_1,1
GCACTCTGTGTTTGTG-1_1,1
GCACTCTGTTCCAACA-1_1,1
GCACTCTTCGAGAGCA-1_1,1
GCACTCTTCGGCCGAT-1_1,1
GCACTCTTCTGTTGAG-1_1,1
GCAGCCAAGCAATCTC-1_1,1
GCAGCCACAATAAGCA-1_1,1
GCAGCCACAGGGTATG-1_1,1
GCAGCCATCAGGTAAA-1_1,1
GCAGCCATCTTCGAGA-1_1,1
GCAGTTACAATCCGAT-1_1,1
GCAGTTATCTCTGAGA-1_1,1
GCATACAAGCTGATAA-1_1,1
GCATACACAGTCCTTC-1_1,1
GCATACAGTAGTACCT-1_1,1
GCATACAGTGGGTATG-1_1,1
GCATACAGTTCGGCAC-1_1,1
GCATACATCAGGCGAA-1_1,1
GCATGATAGAGGGATA-1_1,1
GCATGATAGGCTCAGA-1_1,1
GCATGATCAAAGTGCG-1_1,1
GCATGATGTACCCAAT-1_1,1
GCATGATGTCAAACTC-1_1,1
GCATGATGTTCACCTC-1_1,1
GCATGCGAGACGCTTT-1_1,1
GCATGCGCATGGTCTA-1_1,1
GCATGTAAGGCGATAC-1_1,1
GCATGTACATCGGAAG-1_1,1
GCATGTAGTTTGTTGG-1_1,1
GCATGTATCTTAGAGC-1_1,1
GCCAAATAGCAATCTC-1_1,1
GCCAAATCAGACACTT-1_1,1
GCCAAATTCAAGATCC-1_1,1
GCCTCTAAGCAAATCA-1_1,1
GCCTCTAAGTCGAGTG-1_1,1
GCCTCTACATGCCCGA-1_1,1
GCCTCTAGTAGCCTAT-1_1,1
GCCTCTATCCAAATGC-1_1,1
GCCTCTATCCGTCATC-1_1,1
GCGACCAAGCGAAGGG-1_1,1
GCGACCAGTACAGTGG-1_1,1
GCGACCATCGTCTGCT-1_1,1
GCGACCATCTGGTTCC-1_1,1
GCGAGAAAGCTACCTA-1_1,1
GCGAGAACAAGCTGAG-1_1,1
GCGAGAAGTACCGAGA-1_1,1
GCGCAACCAAGTCTAC-1_1,1
GCGCAACCAGCATACT-1_1,1
GCGCAGTAGATGTCGG-1_1,1
GCGCAGTAGCGTTGCC-1_1,1
GCGCAGTCAGGAACGT-1_1,1
GCGCAGTGTAAGGGAA-1_1,1
GCGCAGTGTGTCTGAT-1_1,1
GCGCCAAAGAAGCCCA-1_1,1
GCGCCAAAGTTTGCGT-1_1,1
GCGCCAACATCATCCC-1_1,1
GCGCCAAGTCCTGCTT-1_1,1
GCGCGATAGCAACGGT-1_1,1
GCGCGATGTATATGGA-1_1,1
GCGCGATGTCCTGCTT-1_1,1
GCGCGATGTCTGCAAT-1_1,1
GCGCGATGTGGTCTCG-1_1,1
GCGCGATGTGTGAAAT-1_1,1
GCGCGATGTTCTGGTA-1_1,1
GCGCGATTCGGAGCAA-1_1,1
GCGGGTTAGTGAACGC-1_1,1
GCGGGTTCAGATCTGT-1_1,1
GCGGGTTTCCTTTCGG-1_1,1
GCGGGTTTCGTTGACA-1_1,1
GCGGGTTTCTATCCCG-1_1,1
GCGGGTTTCTTACCGC-1_1,1
GCTCCTAAGAAGGACA-1_1,1
GCTCCTAAGGATGGAA-1_1,1
GCTCCTAAGGTAGCCA-1_1,1
GCTCCTACACTTCGAA-1_1,1
GCTCTGTCAAAGGAAG-1_1,1
GCTCTGTGTGTGTGCC-1_1,1
GCTGCAGGTTCGCTAA-1_1,1
GCTGCGAGTAAGGATT-1_1,1
GCTGCGAGTCCAACTA-1_1,1
GCTGCGAGTCTAACGT-1_1,1
GCTGCGAGTCTAGTGT-1_1,1
GCTGCTTAGCAGATCG-1_1,1
GCTGCTTCATCGATTG-1_1,1
GCTGCTTGTCCAGTGC-1_1,1
GCTGCTTGTGCGATAG-1_1,1
GCTGGGTAGACAATAC-1_1,1
GCTGGGTAGGAATTAC-1_1,1
GCTGGGTGTCCATCCT-1_1,1
GCTTCCAAGGGCATGT-1_1,1
GCTTCCACAGCTCGCA-1_1,1
GCTTCCACAGGGCATA-1_1,1
GCTTCCAGTCCTGCTT-1_1,1
GCTTCCAGTTACTGAC-1_1,1
GCTTCCATCTTCTGGC-1_1,1
GCTTGAAAGCTAAACA-1_1,1
GCTTGAACAACGATCT-1_1,1
GCTTGAACAGATCCAT-1_1,1
GCTTGAAGTCAACTGT-1_1,1
GCTTGAAGTCAGTGGA-1_1,1
GGAAAGCAGACGCTTT-1_1,1
GGAAAGCAGATCCCAT-1_1,1
GGAAAGCCACACCGCA-1_1,1
GGAAAGCCACCTCGGA-1_1,1
GGAAAGCTCGTTACGA-1_1,1
GGAACTTAGAATTGTG-1_1,1
GGAACTTAGCCGTCGT-1_1,1
GGAACTTAGTCTCGGC-1_1,1
GGAACTTCAAGCCATT-1_1,1
GGAACTTCAAGCGATG-1_1,1
GGAACTTGTCGTCTTC-1_1,1
GGAATAAGTCCGAGTC-1_1,1
GGACAAGAGCTGAAAT-1_1,1
GGACAAGCACATAACC-1_1,1
GGACAAGGTAGAAAGG-1_1,1
GGACAAGGTGTTGGGA-1_1,1
GGACAAGGTTAAGATG-1_1,1
GGACAAGGTTTGGCGC-1_1,1
GGACAAGTCACTATTC-1_1,1
GGACAAGTCCACGAAT-1_1,1
GGACAAGTCTCTGTCG-1_1,1
GGACAGAAGCCCTAAT-1_1,1
GGACAGAAGCCGATTT-1_1,1
GGACAGAAGTTAGGTA-1_1,1
GGACAGACACCATGTA-1_1,1
GGACAGACATTTCACT-1_1,1
GGACAGAGTCCAACTA-1_1,1
GGACATTCAATGACCT-1_1,1
GGACATTCAGGTTTCA-1_1,1
GGACATTGTATGAATG-1_1,1
GGACATTGTATGGTTC-1_1,1
GGACATTGTGTAAGTA-1_1,1
GGACGTCAGAGATGAG-1_1,1
GGACGTCGTAAACACA-1_1,1
GGACGTCGTCTGGTCG-1_1,1
GGACGTCTCACATGCA-1_1,1
GGAGCAAAGTGCGATG-1_1,1
GGAGCAACAGTTTACG-1_1,1
GGATGTTAGGTACTCT-1_1,1
GGATGTTAGTATCTCG-1_1,1
GGATGTTAGTCGATAA-1_1,1
GGATGTTTCCTTTCTC-1_1,1
GGATTACAGCGCTTAT-1_1,1
GGATTACCAAGGTTCT-1_1,1
GGATTACCACATAACC-1_1,1
GGATTACCATTAGCCA-1_1,1
GGATTACGTACGCTGC-1_1,1
GGATTACTCGTTACAG-1_1,1
GGCAATTCAGACGCTC-1_1,1
GGCAATTGTCTAGTGT-1_1,1
GGCAATTTCTGCAGTA-1_1,1
GGCCGATAGTATCTCG-1_1,1
GGCCGATCACATAACC-1_1,1
GGCCGATGTCGCTTCT-1_1,1
GGCCGATGTCTGATCA-1_1,1
GGCCGATTCACATACG-1_1,1
GGCCGATTCACCACCT-1_1,1
GGCGACTAGAAGATTC-1_1,1
GGCGACTAGCAATCTC-1_1,1
GGCGACTAGGTGTTAA-1_1,1
GGCGACTCAATGTAAG-1_1,1
GGCGACTCATCCAACA-1_1,1
GGCGACTGTTCTGGTA-1_1,1
GGCGTGTCATATGAGA-1_1,1
GGCGTGTCATGCATGT-1_1,1
GGCTCGAAGTACGATA-1_1,1
GGCTCGAAGTGAATTG-1_1,1
GGCTCGACACGTAAGG-1_1,1
GGCTCGAGTAACGACG-1_1,1
GGCTCGAGTAAGGGAA-1_1,1
GGCTGGTAGATCCCGC-1_1,1
GGCTGGTAGTGCGTGA-1_1,1
GGCTGGTAGTTAGCGG-1_1,1
GGCTGGTCAACAACCT-1_1,1
GGCTGGTCACTCAGGC-1_1,1
GGCTGGTGTAAGTAGT-1_1,1
GGCTGGTGTCTAAACC-1_1,1
GGCTGGTTCCTAGGGC-1_1,1
GGGAATGAGGAACTGC-1_1,1
GGGAATGAGTAGATGT-1_1,1
GGGAATGAGTCATGCT-1_1,1
GGGAATGGTAGTAGTA-1_1,1
GGGAATGTCGTATCAG-1_1,1
GGGACCTAGCTAAACA-1_1,1
GGGACCTCATGCCACG-1_1,1
GGGACCTCATGGTCAT-1_1,1
GGGACCTTCTGATTCT-1_1,1
GGGAGATAGATAGTCA-1_1,1
GGGAGATCAATGAATG-1_1,1
GGGAGATTCAGATAAG-1_1,1
GGGAGATTCGGCTTGG-1_1,1
GGGATGAGTTAAAGTG-1_1,1
GGGATGAGTTGAGTTC-1_1,1
GGGCACTAGGACAGCT-1_1,1
GGGCACTGTAATCGTC-1_1,1
GGGCACTGTCGGATCC-1_1,1
GGGCACTGTCTAAACC-1_1,1
GGGCATCCAAACCCAT-1_1,1
GGGCATCCACATCTTT-1_1,1
GGGCATCGTACCGTAT-1_1,1
GGGCATCGTCTGATCA-1_1,1
GGGCATCTCAACACCA-1_1,1
GGGCATCTCAATACCG-1_1,1
GGGCATCTCACCGGGT-1_1,1
GGGTCTGGTGTAATGA-1_1,1
GGGTTGCAGATGGCGT-1_1,1
GGGTTGCCAGCCAGAA-1_1,1
GGGTTGCGTACCATCA-1_1,1
GGTATTGAGTCACGCC-1_1,1
GGTATTGCACGAAATA-1_1,1
GGTATTGGTCCAAGTT-1_1,1
GGTATTGGTCGATTGT-1_1,1
GGTATTGGTGACTCAT-1_1,1
GGTGAAGCAGGTCGTC-1_1,1
GGTGAAGCATCGATTG-1_1,1
GGTGAAGGTTGTCGCG-1_1,1
GGTGAAGTCCTTTCTC-1_1,1
GGTGAAGTCGCCTGAG-1_1,1
GGTGCGTCAAAGGAAG-1_1,1
GGTGCGTCACGCTTTC-1_1,1
GGTGCGTGTCTTCAAG-1_1,1
GGTGCGTTCTTATCTG-1_1,1
GGTGTTAAGAGACTAT-1_1,1
GGTGTTAAGCCCAATT-1_1,1
GGTGTTAAGGATATAC-1_1,1
GGTGTTACATTCCTCG-1_1,1
GGTGTTAGTCCCGACA-1_1,1
GGTGTTATCATAACCG-1_1,1
GTAACGTAGAGCTATA-1_1,1
GTAACGTAGCTATGCT-1_1,1
GTAACGTGTTGTCGCG-1_1,1
GTAACGTTCACAATGC-1_1,1
GTAACGTTCTATGTGG-1_1,1
GTAACTGAGAGGTTGC-1_1,1
GTAACTGAGTGTTTGC-1_1,1
GTAACTGCACAGGTTT-1_1,1
GTAACTGGTAAAGTCA-1_1,1
GTAACTGGTACCGTTA-1_1,1
GTAACTGGTCGCGAAA-1_1,1
GTAACTGGTCTGGAGA-1_1,1
GTAACTGGTGAGCGAT-1_1,1
GTAACTGTCAGGTAAA-1_1,1
GTAACTGTCTGGTGTA-1_1,1
GTACGTAAGTGGAGAA-1_1,1
GTACGTATCAAGATCC-1_1,1
GTACTCCAGCAGGCTA-1_1,1
GTACTCCAGGGTTTCT-1_1,1
GTACTCCTCTTGTACT-1_1,1
GTACTTTGTAGCGCTC-1_1,1
GTACTTTGTGTTCTTT-1_1,1
GTACTTTGTTTGGCGC-1_1,1
GTAGGCCAGAATGTGT-1_1,1
GTAGGCCAGACTACAA-1_1,1
GTAGGCCCACAGAGGT-1_1,1
GTAGGCCCACTCTGTC-1_1,1
GTAGGCCCACTGTGTA-1_1,1
GTAGGCCGTAAACGCG-1_1,1
GTAGGCCGTCGAACAG-1_1,1
GTAGGCCGTGTTCTTT-1_1,1
GTAGGCCTCAACGGGA-1_1,1
GTAGGCCTCCAGTAGT-1_1,1
GTAGTCAAGCCTCGTG-1_1,1
GTAGTCATCATGTGGT-1_1,1
GTATCTTAGATTACCC-1_1,1
GTATCTTCACGCTTTC-1_1,1
GTATCTTGTAAGGGAA-1_1,1
GTATTCTAGAAGGGTA-1_1,1
GTATTCTAGATGCGAC-1_1,1
GTATTCTAGCAGATCG-1_1,1
GTATTCTAGGTGCTTT-1_1,1
GTCAAGTAGCCAGGAT-1_1,1
GTCAAGTAGCTAACTC-1_1,1
GTCAAGTAGGCATGGT-1_1,1
GTCAAGTCAGGTCTCG-1_1,1
GTCAAGTCATTAACCG-1_1,1
GTCAAGTGTGCAACTT-1_1,1
GTCAAGTTCCCTTGTG-1_1,1
GTCAAGTTCTGATTCT-1_1,1
GTCAAGTTCTTGCAAG-1_1,1
GTCACAAAGCCCGAAA-1_1,1
GTCACAAAGGATGGTC-1_1,1
GTCACAAGTAAAGGAG-1_1,1
GTCACAAGTCTCCACT-1_1,1
GTCACAAGTGCCTGCA-1_1,1
GTCACAAGTTGTCTTT-1_1,1
GTCACAATCCGCATCT-1_1,1
GTCACGGAGACCACGA-1_1,1
GTCACGGAGACTTTCG-1_1,1
GTCACGGCATGAACCT-1_1,1
GTCACGGGTCATATGC-1_1,1
GTCACGGTCAAGCCTA-1_1,1
GTCACGGTCATAGCAC-1_1,1
GTCACGGTCATCGCTC-1_1,1
GTCACGGTCTCCCTGA-1_1,1
GTCATTTCATGAAGTA-1_1,1
GTCATTTTCACCCTCA-1_1,1
GTCCTCAAGAAACGCC-1_1,1
GTCCTCAAGCGTTTAC-1_1,1
GTCCTCACATGGAATA-1_1,1
GTCGGGTCACGCATCG-1_1,1
GTCGGGTCACGTCAGC-1_1,1
GTCGGGTTCGTTACAG-1_1,1
GTCGTAACACATAACC-1_1,1
GTCGTAACACGCGAAA-1_1,1
GTCGTAAGTAACGCGA-1_1,1
GTCGTAATCCTATTCA-1_1,1
GTCTCGTAGCTACCGC-1_1,1
GTCTCGTAGTGACATA-1_1,1
GTCTCGTAGTTGAGTA-1_1,1
GTCTCGTCATTAGCCA-1_1,1
GTCTCGTGTCCTCTTG-1_1,1
GTCTCGTGTTAAAGAC-1_1,1
GTCTCGTTCACCAGGC-1_1,1
GTCTTCGAGGAGTACC-1_1,1
GTCTTCGCAAGTCTAC-1_1,1
GTCTTCGTCAGGTAAA-1_1,1
GTGAAGGAGGCCCTCA-1_1,1
GTGAAGGAGGTGGGTT-1_1,1
GTGAAGGAGTACACCT-1_1,1
GTGAAGGAGTTAACGA-1_1,1
GTGAAGGCAATCTGCA-1_1,1
GTGAAGGTCAACGCTA-1_1,1
GTGAAGGTCGTTGCCT-1_1,1
GTGCAGCAGCCAGTTT-1_1,1
GTGCAGCAGGTGACCA-1_1,1
GTGCAGCCAGGTTTCA-1_1,1
GTGCAGCTCAAACGGG-1_1,1
GTGCAGCTCTGATACG-1_1,1
GTGCATACAAGCCATT-1_1,1
GTGCATATCAAAGACA-1_1,1
GTGCATATCTATCCCG-1_1,1
GTGCGGTCAGGAATGC-1_1,1
GTGCGGTCAGGTGCCT-1_1,1
GTGCGGTTCATGTCTT-1_1,1
GTGCTTCAGACGACGT-1_1,1
GTGCTTCCACCCATTC-1_1,1
GTGCTTCCAGGTGGAT-1_1,1
GTGCTTCCATTTCAGG-1_1,1
GTGCTTCTCCAGAGGA-1_1,1
GTGGGTCCAAGACGTG-1_1,1
GTGGGTCCACATGTGT-1_1,1
GTGGGTCGTACTTCTT-1_1,1
GTGTGCGCATGCCTAA-1_1,1
GTGTGCGGTGGGTCAA-1_1,1
GTGTTAGAGCTGCGAA-1_1,1
GTTAAGCAGCTAACAA-1_1,1
GTTAAGCCACAGATTC-1_1,1
GTTAAGCGTCCGACGT-1_1,1
GTTAAGCGTGACGGTA-1_1,1
GTTAAGCTCTGTTGAG-1_1,1
GTTACAGGTAAACACA-1_1,1
GTTACAGGTACAAGTA-1_1,1
GTTACAGTCATCTGCC-1_1,1
GTTCATTAGCCACCTG-1_1,1
GTTCATTCAGATAATG-1_1,1
GTTCATTCAGCAGTTT-1_1,1
GTTCATTCAGTAAGAT-1_1,1
GTTCATTCATAGTAAG-1_1,1
GTTCATTGTTCCACAA-1_1,1
GTTCATTTCTCGATGA-1_1,1
GTTCGGGAGTGGTAAT-1_1,1
GTTCGGGCAGACAAGC-1_1,1
GTTCGGGCAGTTAACC-1_1,1
GTTCGGGCATGGATGG-1_1,1
GTTCGGGCATTCCTGC-1_1,1
GTTCGGGGTCGGCTCA-1_1,1
GTTCTCGAGGCTAGCA-1_1,1
GTTCTCGCATCACGAT-1_1,1
GTTCTCGGTAGGGACT-1_1,1
GTTCTCGTCAGATAAG-1_1,1
GTTTCTAAGCATGGCA-1_1,1
GTTTCTACAATTGCTG-1_1,1
GTTTCTACACAGCCCA-1_1,1
GTTTCTACACATCCGG-1_1,1
GTTTCTAGTGTTTGGT-1_1,1
TAAACCGCAATGACCT-1_1,1
TAAACCGCACGTGAGA-1_1,1
TAAACCGGTTACCAGT-1_1,1
TAAACCGTCAACACAC-1_1,1
TAAACCGTCGTTGACA-1_1,1
TAAGAGAGTAAGTGGC-1_1,1
TAAGCGTAGCACACAG-1_1,1
TAAGCGTAGCGTCAAG-1_1,1
TAAGCGTAGGCTAGGT-1_1,1
TAAGCGTCACGCCAGT-1_1,1
TAAGCGTGTAGAAAGG-1_1,1
TAAGCGTTCTTCCTTC-1_1,1
TAAGTGCAGACTTTCG-1_1,1
TAAGTGCGTACAGTTC-1_1,1
TAAGTGCTCAGGCCCA-1_1,1
TACACGAAGAGTACCG-1_1,1
TACACGAAGGAACTGC-1_1,1
TACACGACACACGCTG-1_1,1
TACACGATCTCACATT-1_1,1
TACAGTGCAAACGCGA-1_1,1
TACAGTGCAACTGCGC-1_1,1
TACAGTGCAGGAATGC-1_1,1
TACAGTGCATCAGTCA-1_1,1
TACAGTGTCTAACGGT-1_1,1
TACCTATCAATGGTCT-1_1,1
TACCTATCAGCCTATA-1_1,1
TACCTATTCACAGGCC-1_1,1
TACCTATTCTATCCCG-1_1,1
TACCTTAAGTCTCGGC-1_1,1
TACCTTACAATGTAAG-1_1,1
TACCTTACAGCCAATT-1_1,1
TACCTTACAGCCAGAA-1_1,1
TACCTTAGTCCTCCAT-1_1,1
TACCTTAGTTCGTTGA-1_1,1
TACGGATAGTCGTACT-1_1,1
TACGGATCAAGGACAC-1_1,1
TACGGATTCCGTAGGC-1_1,1
TACGGATTCGGTGTTA-1_1,1
TACGGATTCTGCGACG-1_1,1
TACGGGCAGAAGATTC-1_1,1
TACGGGCGTACCATCA-1_1,1
TACGGGCGTTAAGTAG-1_1,1
TACGGGCTCACAGTAC-1_1,1
TACGGGCTCACCTTAT-1_1,1
TACGGGCTCCACTGGG-1_1,1
TACGGGCTCTATCCCG-1_1,1
TACGGTATCACCAGGC-1_1,1
TACTCATAGACCACGA-1_1,1
TACTCATCAACAACCT-1_1,1
TACTCATCACCATCCT-1_1,1
TACTCATGTAGATTAG-1_1,1
TACTCATTCTTGTACT-1_1,1
TACTCGCCAGACGCCT-1_1,1
TACTCGCGTCAATGTC-1_1,1
TACTCGCTCTGGCGAC-1_1,1
TACTCGCTCTTGACGA-1_1,1
TACTTACAGTGGTAGC-1_1,1
TACTTACCAAGGTTCT-1_1,1
TACTTACCAATCACAC-1_1,1
TACTTACCAGCCACCA-1_1,1
TACTTACGTGAGGGTT-1_1,1
TACTTACGTTCTGGTA-1_1,1
TACTTACTCAAAGTAG-1_1,1
TACTTACTCTTCATGT-1_1,1
TACTTGTAGCACCGCT-1_1,1
TACTTGTCATTGGTAC-1_1,1
TACTTGTGTGAAGGCT-1_1,1
TACTTGTTCCCTAACC-1_1,1
TACTTGTTCTTTACGT-1_1,1
TAGACCAAGCAGATCG-1_1,1
TAGACCAAGTGGACGT-1_1,1
TAGACCACACTAAGTC-1_1,1
TAGACCATCAGGCCCA-1_1,1
TAGACCATCTCGCTTG-1_1,1
TAGAGCTCAGTGGGAT-1_1,1
TAGCCGGCAAGCTGTT-1_1,1
TAGCCGGCAATTGCTG-1_1,1
TAGCCGGCATGATCCA-1_1,1
TAGCCGGGTATTAGCC-1_1,1
TAGCCGGGTCATATGC-1_1,1
TAGCCGGGTTAAGGGC-1_1,1
TAGCCGGGTTACAGAA-1_1,1
TAGGCATCAATCCAAC-1_1,1
TAGGCATTCAATACCG-1_1,1
TAGGCATTCGAATCCA-1_1,1
TAGTGGTAGAATGTTG-1_1,1
TAGTGGTAGTACTTGC-1_1,1
TAGTGGTAGTCCGTAT-1_1,1
TAGTGGTCAGTAAGAT-1_1,1
TAGTGGTTCACGGTTA-1_1,1
TAGTGGTTCAGCATGT-1_1,1
TAGTGGTTCCTGCCAT-1_1,1
TAGTGGTTCTCTGCTG-1_1,1
TAGTGGTTCTGGTATG-1_1,1
TAGTTGGAGCCATCGC-1_1,1
TAGTTGGAGGACCACA-1_1,1
TAGTTGGAGGCTAGAC-1_1,1
TAGTTGGCACATGGGA-1_1,1
TAGTTGGGTAAATGAC-1_1,1
TAGTTGGGTCGAACAG-1_1,1
TATCAGGAGGCCCTCA-1_1,1
TATCAGGAGGTGACCA-1_1,1
TATCAGGCACTTCGAA-1_1,1
TATCAGGCAGTCAGAG-1_1,1
TATCAGGGTGCAACTT-1_1,1
TATCAGGGTGCTGTAT-1_1,1
TATCAGGTCGCATGAT-1_1,1
TATCTCAAGCTAGGCA-1_1,1
TATCTCACAGGCAGTA-1_1,1
TATCTCACAGTGGGAT-1_1,1
TATCTCAGTCCAAGTT-1_1,1
TATCTCAGTGAGGGTT-1_1,1
TATCTCATCCGCAAGC-1_1,1
TATGCCCCATCCGTGG-1_1,1
TATGCCCCATCGGTTA-1_1,1
TATGCCCGTACACCGC-1_1,1
TATGCCCGTCTTCGTC-1_1,1
TATTACCAGACTGGGT-1_1,1
TATTACCAGGAGTCTG-1_1,1
TATTACCCACTTCTGC-1_1,1
TATTACCGTATTACCG-1_1,1
TATTACCTCCAACCAA-1_1,1
TCAACGAGTTTGCATG-1_1,1
TCAACGATCGGAAACG-1_1,1
TCAATCTAGTTGAGTA-1_1,1
TCAATCTCACCAGGTC-1_1,1
TCAATCTGTCTCTCTG-1_1,1
TCAATCTGTTCCACAA-1_1,1
TCAATCTTCCTCAACC-1_1,1
TCAATCTTCGTCTGCT-1_1,1
TCACAAGAGAGGTTAT-1_1,1
TCACAAGAGGACAGCT-1_1,1
TCACAAGCATTCACTT-1_1,1
TCACAAGGTAGCTGCC-1_1,1
TCACAAGGTCAGCTAT-1_1,1
TCACAAGGTTCCAACA-1_1,1
TCACAAGGTTGAACTC-1_1,1
TCACAAGTCCGGCACA-1_1,1
TCACGAAAGACTAGGC-1_1,1
TCACGAAAGTACGTAA-1_1,1
TCACGAAGTTAGGGTG-1_1,1
TCACGAAGTTGGACCC-1_1,1
TCACGAATCAACACAC-1_1,1
TCACGAATCAATACCG-1_1,1
TCAGATGAGAGTACAT-1_1,1
TCAGATGAGATCACGG-1_1,1
TCAGATGAGCCACCTG-1_1,1
TCAGCAAAGAGGGCTT-1_1,1
TCAGCAAAGCTAGGCA-1_1,1
TCAGCAACAACTGCTA-1_1,1
TCAGCAACAGAAGCAC-1_1,1
TCAGCAACAGAGCCAA-1_1,1
TCAGCTCAGACTAGGC-1_1,1
TCAGCTCAGGATGTAT-1_1,1
TCAGCTCAGTATCTCG-1_1,1
TCAGCTCCACGGTAAG-1_1,1
TCAGCTCCAGGACCCT-1_1,1
TCAGCTCCATACGCCG-1_1,1
TCAGGATTCAAGCCTA-1_1,1
TCAGGATTCGTGGGAA-1_1,1
TCAGGATTCTGTCTAT-1_1,1
TCAGGTATCTCGTTTA-1_1,1
TCATTACAGTGTACGG-1_1,1
TCATTACGTAGCAAAT-1_1,1
TCATTACGTCTAAACC-1_1,1
TCATTACTCCTTTACA-1_1,1
TCATTACTCGAATCCA-1_1,1
TCATTTGAGGGTATCG-1_1,1
TCATTTGCAAGGGTCA-1_1,1
TCATTTGTCCGCGTTT-1_1,1
TCATTTGTCGACGGAA-1_1,1
TCATTTGTCTGCAAGT-1_1,1
TCCACACCAGTATCTG-1_1,1
TCCACACCATCATCCC-1_1,1
TCCACACCATTCCTCG-1_1,1
TCCACACTCGTCTGAA-1_1,1
TCCCGATAGCAGACTG-1_1,1
TCCCGATGTCATGCCG-1_1,1
TCGAGGCAGTTGAGAT-1_1,1
TCGAGGCGTTTGTTGG-1_1,1
TCGCGAGAGTCACGCC-1_1,1
TCGCGAGCAATCCGAT-1_1,1
TCGCGAGGTTGGTAAA-1_1,1
TCGCGTTGTAGAAAGG-1_1,1
TCGCGTTTCAATCACG-1_1,1
TCGCGTTTCACATAGC-1_1,1
TCGCGTTTCCGGCACA-1_1,1
TCGCGTTTCGTTTGCC-1_1,1
TCGGGACCACTTAACG-1_1,1
TCGGGACTCCAAACAC-1_1,1
TCGGTAAAGATTACCC-1_1,1
TCGGTAAAGCTGTTCA-1_1,1
TCGGTAACACCGCTAG-1_1,1
TCGTACCCACGCATCG-1_1,1
TCGTACCGTATTAGCC-1_1,1
TCGTACCTCAGTTAGC-1_1,1
TCGTAGACACGGATAG-1_1,1
TCGTAGAGTACGCTGC-1_1,1
TCGTAGAGTCAGGACA-1_1,1
TCGTAGATCATCGGAT-1_1,1
TCTATTGAGCCTTGAT-1_1,1
TCTATTGAGTACGATA-1_1,1
TCTATTGCAAGCGATG-1_1,1
TCTATTGCATATACCG-1_1,1
TCTATTGCATCGACGC-1_1,1
TCTATTGCATCGTCGG-1_1,1
TCTATTGCATGCGCAC-1_1,1
TCTATTGGTATTCGTG-1_1,1
TCTATTGGTCGGATCC-1_1,1
TCTATTGGTTGGTGGA-1_1,1
TCTCATAAGCGCCTTG-1_1,1
TCTCATACAACTGCTA-1_1,1
TCTCATACAGCCTGTG-1_1,1
TCTCATACATCTCGCT-1_1,1
TCTCATAGTGATAAGT-1_1,1
TCTCATATCGTTTATC-1_1,1
TCTCATATCTACTCAT-1_1,1
TCTCTAAAGATGTGGC-1_1,1
TCTCTAAAGTGCGTGA-1_1,1
TCTCTAAGTACAGCAG-1_1,1
TCTCTAAGTCTAGGTT-1_1,1
TCTGAGAGTAAGGATT-1_1,1
TCTGAGATCGCGTAGC-1_1,1
TCTGGAACAAGAAAGG-1_1,1
TCTGGAACACCATCCT-1_1,1
TCTGGAATCTGGCGTG-1_1,1
TCTTCGGCAAACCTAC-1_1,1
TCTTCGGGTGTCTGAT-1_1,1
TCTTCGGGTTAGGGTG-1_1,1
TCTTCGGTCATAACCG-1_1,1
TCTTCGGTCGAGAGCA-1_1,1
TCTTCGGTCTACCAGA-1_1,1
TCTTTCCAGACAATAC-1_1,1
TCTTTCCAGCGAGAAA-1_1,1
TCTTTCCAGCTCTCGG-1_1,1
TCTTTCCAGTGCCAGA-1_1,1
TCTTTCCCATGCCACG-1_1,1
TCTTTCCGTTATCACG-1_1,1
TCTTTCCTCATATCGG-1_1,1
TGAAAGAAGGAGTTGC-1_1,1
TGAAAGACACTCTGTC-1_1,1
TGAAAGACAGATGGCA-1_1,1
TGAAAGATCACTTATC-1_1,1
TGACAACAGGATGGTC-1_1,1
TGACAACCAAAGAATC-1_1,1
TGACAACGTAAATGTG-1_1,1
TGACAACTCATGGTCA-1_1,1
TGACAACTCGGAGGTA-1_1,1
TGACAACTCGTAGATC-1_1,1
TGACAACTCTCTGCTG-1_1,1
TGACGGCAGCGTGAGT-1_1,1
TGACGGCAGCTGCGAA-1_1,1
TGACGGCAGGGCTCTC-1_1,1
TGACGGCCACGGCGTT-1_1,1
TGACGGCTCAAGATCC-1_1,1
TGACGGCTCATTGCCC-1_1,1
TGACTAGCATTGTGCA-1_1,1
TGACTAGGTAAATGAC-1_1,1
TGACTAGGTACCGAGA-1_1,1
TGACTAGGTATGAAAC-1_1,1
TGACTAGTCAGCATGT-1_1,1
TGACTTTAGATATGCA-1_1,1
TGACTTTCAAAGCGGT-1_1,1
TGACTTTGTGAGGGAG-1_1,1
TGACTTTTCTGGTTCC-1_1,1
TGAGAGGAGGGAGTAA-1_1,1
TGAGAGGCAATCGAAA-1_1,1
TGAGAGGCACTTAACG-1_1,1
TGAGAGGCAGCCTGTG-1_1,1
TGAGAGGGTAGCGCAA-1_1,1
TGAGAGGGTTGGTGGA-1_1,1
TGAGAGGTCAGCTGGC-1_1,1
TGAGAGGTCTTGCATT-1_1,1
TGAGCATAGGGCTTGA-1_1,1
TGAGCATGTAGCCTAT-1_1,1
TGAGCATGTTAAGAAC-1_1,1
TGAGCCGAGACAGAGA-1_1,1
TGAGCCGAGGCATTGG-1_1,1
TGAGCCGCATGGTCTA-1_1,1
TGAGCCGTCCAAACAC-1_1,1
TGAGGGAAGATGCCTT-1_1,1
TGAGGGACACATCCAA-1_1,1
TGAGGGAGTAGTAGTA-1_1,1
TGAGGGAGTTAAGATG-1_1,1
TGAGGGATCTTCGAGA-1_1,1
TGATTTCAGCTAGTTC-1_1,1
TGATTTCCAGGGTATG-1_1,1
TGATTTCGTCGATTGT-1_1,1
TGCACCTGTTCTGAAC-1_1,1
TGCACCTTCCTCAACC-1_1,1
TGCACCTTCGTATCAG-1_1,1
TGCCAAAAGCCAGTAG-1_1,1
TGCCAAAAGGGTTTCT-1_1,1
TGCCAAAGTCTAGCCG-1_1,1
TGCCAAAGTGTTCTTT-1_1,1
TGCCAAATCTGTCTAT-1_1,1
TGCCCATAGAAACCTA-1_1,1
TGCCCATCAAAGGCGT-1_1,1
TGCCCATCAGGGTATG-1_1,1
TGCCCATTCAGCCTAA-1_1,1
TGCCCATTCCCTCAGT-1_1,1
TGCCCTAAGTGGGTTG-1_1,1
TGCCCTACACGGATAG-1_1,1
TGCCCTACACTGTTAG-1_1,1
TGCCCTAGTACAAGTA-1_1,1
TGCCCTAGTATAGTAG-1_1,1
TGCCCTAGTCTTGCGG-1_1,1
TGCGCAGAGGTCGGAT-1_1,1
TGCGCAGAGTAGATGT-1_1,1
TGCGCAGCACTAAGTC-1_1,1
TGCGCAGCAGTAACGG-1_1,1
TGCGCAGTCTTAGAGC-1_1,1
TGCGGGTAGCCACGTC-1_1,1
TGCGGGTGTTAAGAAC-1_1,1
TGCGGGTGTTGCTCCT-1_1,1
TGCGTGGCAGCCTTTC-1_1,1
TGCGTGGTCAGCTCGG-1_1,1
TGCGTGGTCCAATGGT-1_1,1
TGCGTGGTCTGTCTAT-1_1,1
TGCTACCAGATCGGGT-1_1,1
TGCTACCAGCGAAGGG-1_1,1
TGCTACCGTCGGGTCT-1_1,1
TGCTACCGTCGTGGCT-1_1,1
TGCTACCGTTACCAGT-1_1,1
TGCTACCTCAACACCA-1_1,1
TGCTACCTCGGTCCGA-1_1,1
TGCTACCTCTGCAGTA-1_1,1
TGCTGCTAGGTAGCCA-1_1,1
TGCTGCTCAAACGTGG-1_1,1
TGCTGCTGTGCAACGA-1_1,1
TGGACGCCACCATCCT-1_1,1
TGGACGCGTTCAGACT-1_1,1
TGGACGCTCAGCTGGC-1_1,1
TGGACGCTCCAAACTG-1_1,1
TGGCCAGAGTCCATAC-1_1,1
TGGCCAGCAAACGCGA-1_1,1
TGGCCAGGTACCTACA-1_1,1
TGGCCAGGTCCAAGTT-1_1,1
TGGCGCAAGACACTAA-1_1,1
TGGCGCAAGGATCGCA-1_1,1
TGGCGCAGTATTCTCT-1_1,1
TGGCGCATCAGTACGT-1_1,1
TGGCGCATCCTCATTA-1_1,1
TGGCGCATCCTGCAGG-1_1,1
TGGCGCATCTGCGACG-1_1,1
TGGCGCATCTGGCGTG-1_1,1
TGGCTGGAGAAAGTGG-1_1,1
TGGCTGGAGGTGTTAA-1_1,1
TGGCTGGAGTCTCAAC-1_1,1
TGGCTGGCACGGACAA-1_1,1
TGGCTGGCATAGACTC-1_1,1
TGGCTGGCATCCGGGT-1_1,1
TGGCTGGTCTCAAACG-1_1,1
TGGGAAGCATGCTAGT-1_1,1
TGGGAAGGTAAGGGCT-1_1,1
TGGGAAGGTAGCGCTC-1_1,1
TGGGAAGGTGTGAATA-1_1,1
TGGGAAGTCTCTTGAT-1_1,1
TGGGCGTAGGAATTAC-1_1,1
TGGGCGTCAATACGCT-1_1,1
TGGGCGTCACGGTAGA-1_1,1
TGGGCGTGTACCGAGA-1_1,1
TGGTTAGAGCGATTCT-1_1,1
TGGTTAGCAGACGCAA-1_1,1
TGGTTAGCAGGCGATA-1_1,1
TGGTTAGCATCCTAGA-1_1,1
TGGTTAGGTGGGTATG-1_1,1
TGGTTAGGTTCATGGT-1_1,1
TGGTTCCCAGGAATGC-1_1,1
TGGTTCCCATGAACCT-1_1,1
TGGTTCCGTGGTCCGT-1_1,1
TGTATTCAGCGATGAC-1_1,1
TGTATTCAGTTCCACA-1_1,1
TGTATTCCAATGGAGC-1_1,1
TGTATTCGTCATGCCG-1_1,1
TGTATTCTCACCCTCA-1_1,1
TGTATTCTCATTCACT-1_1,1
TGTCCCAAGACATAAC-1_1,1
TGTCCCAAGATGCCAG-1_1,1
TGTCCCATCAAGATCC-1_1,1
TGTCCCATCTCCAGGG-1_1,1
TGTGGTACAATAGCGG-1_1,1
TGTGGTACACAGATTC-1_1,1
TGTGGTAGTACGACCC-1_1,1
TGTGGTAGTCATCGGC-1_1,1
TGTGGTATCTCTAGGA-1_1,1
TGTGTTTCACATTCGA-1_1,1
TGTGTTTCACCTGGTG-1_1,1
TGTGTTTGTCCCGACA-1_1,1
TGTTCCGGTAGGCTGA-1_1,1
TGTTCCGGTTTGACTG-1_1,1
TGTTCCGTCTCCAACC-1_1,1
TTAACTCAGAATTGTG-1_1,1
TTAACTCTCCAGATCA-1_1,1
TTAGGACAGAGTCGGT-1_1,1
TTAGGACGTTAAAGTG-1_1,1
TTAGGACTCGCCCTTA-1_1,1
TTAGGCAAGCTGAACG-1_1,1
TTAGGCACATCGGACC-1_1,1
TTAGGCACATGAACCT-1_1,1
TTAGGCAGTGTCAATC-1_1,1
TTAGGCATCCCGACTT-1_1,1
TTAGTTCAGGTGCACA-1_1,1
TTAGTTCGTTACGACT-1_1,1
TTAGTTCGTTCGAATC-1_1,1
TTAGTTCTCAAGGCTT-1_1,1
TTATGCTAGTATCGAA-1_1,1
TTATGCTCAAGCGTAG-1_1,1
TTATGCTCAAGTCTGT-1_1,1
TTATGCTCAGGACGTA-1_1,1
TTATGCTGTAATAGCA-1_1,1
TTATGCTTCGGCATCG-1_1,1
TTATGCTTCTGGGCCA-1_1,1
TTCCCAGAGAGGACGG-1_1,1
TTCCCAGCAGATGAGC-1_1,1
TTCCCAGGTAAGGATT-1_1,1
TTCCCAGGTTAAGTAG-1_1,1
TTCGAAGAGACTAAGT-1_1,1
TTCGAAGCATTTCACT-1_1,1
TTCGAAGGTAGCTTGT-1_1,1
TTCGAAGGTCCAACTA-1_1,1
TTCGAAGGTGCCTTGG-1_1,1
TTCGAAGTCCATGAGT-1_1,1
TTCGGTCAGACGCAAC-1_1,1
TTCGGTCAGATAGTCA-1_1,1
TTCGGTCGTCAGCTAT-1_1,1
TTCGGTCTCCTCGCAT-1_1,1
TTCTACACAATTCCTT-1_1,1
TTCTACACAGCTGTGC-1_1,1
TTCTACAGTACTCGCG-1_1,1
TTCTACAGTCACACGC-1_1,1
TTCTACAGTCAGTGGA-1_1,1
TTCTACAGTGTTGAGG-1_1,1
TTCTCAAAGACAAAGG-1_1,1
TTCTCAAAGCTGCGAA-1_1,1
TTCTCAACAGCTGCTG-1_1,1
TTCTCAAGTAGCGTAG-1_1,1
TTCTCCTAGCTAACTC-1_1,1
TTCTCCTCACAACGCC-1_1,1
TTCTCCTCAGTGACAG-1_1,1
TTCTCCTTCACGAAGG-1_1,1
TTCTCCTTCATGCTCC-1_1,1
TTCTTAGAGAGCCTAG-1_1,1
TTCTTAGCACACAGAG-1_1,1
TTCTTAGCACGAAGCA-1_1,1
TTCTTAGGTGCACCAC-1_1,1
TTCTTAGTCATCGCTC-1_1,1
TTCTTAGTCCCAAGAT-1_1,1
TTGAACGAGAGCTATA-1_1,1
TTGAACGAGATATGGT-1_1,1
TTGAACGAGTGTCTCA-1_1,1
TTGAACGCACATGTGT-1_1,1
TTGAACGGTAGTACCT-1_1,1
TTGAACGGTGCTGTAT-1_1,1
TTGACTTAGCTATGCT-1_1,1
TTGACTTAGGTACTCT-1_1,1
TTGACTTCAAGACGTG-1_1,1
TTGACTTCAATCGAAA-1_1,1
TTGACTTCATCACGTA-1_1,1
TTGACTTGTAAATACG-1_1,1
TTGACTTGTAGCCTCG-1_1,1
TTGACTTGTTACAGAA-1_1,1
TTGACTTGTTCGTTGA-1_1,1
TTGACTTTCAGTGCAT-1_1,1
TTGCCGTAGAGTAATC-1_1,1
TTGCCGTAGATGGCGT-1_1,1
TTGCCGTAGGCTAGAC-1_1,1
TTGCCGTCAAGAAAGG-1_1,1
TTGCCGTCAGACGCTC-1_1,1
TTGCCGTCAGGACCCT-1_1,1
TTGCCGTGTATCTGCA-1_1,1
TTGCCGTTCAGCTCGG-1_1,1
TTGCCGTTCTGTCAAG-1_1,1
TTGCGTCAGGAGCGTT-1_1,1
TTGCGTCCATTCGACA-1_1,1
TTGCGTCGTCTCACCT-1_1,1
TTGCGTCGTCTCATCC-1_1,1
TTGGAACAGAAGGGTA-1_1,1
TTGGAACAGTTACGGG-1_1,1
TTGGAACGTACCGCTG-1_1,1
TTGGAACGTCGGCTCA-1_1,1
TTGGAACGTGGGTATG-1_1,1
TTGGAACTCTCATTCA-1_1,1
TTGGAACTCTGCGGCA-1_1,1
TTGGCAAAGTTGTCGT-1_1,1
TTGGCAATCATTCACT-1_1,1
TTGGCAATCTGCCAGG-1_1,1
TTGTAGGAGAAACGCC-1_1,1
TTGTAGGAGAAGAAGC-1_1,1
TTGTAGGAGTACGCCC-1_1,1
TTGTAGGTCTAACTCT-1_1,1
TTGTAGGTCTGAGGGA-1_1,1
TTTACTGAGTACGACG-1_1,1
TTTACTGCAGGACGTA-1_1,1
TTTACTGCATCACGTA-1_1,1
TTTACTGCATCCTAGA-1_1,1
TTTATGCAGAAGGTTT-1_1,1
TTTATGCAGAGATGAG-1_1,1
TTTATGCAGATACACA-1_1,1
TTTATGCCACGGACAA-1_1,1
TTTATGCGTGGACGAT-1_1,1
TTTATGCGTTCACGGC-1_1,1
TTTATGCTCGCATGAT-1_1,1
TTTCCTCAGAGGTAGA-1_1,1
TTTCCTCCACCACGTG-1_1,1
TTTCCTCCACTCAGGC-1_1,1
TTTCCTCGTTAGATGA-1_1,1
TTTCCTCTCCGTAGGC-1_1,1
TTTGCGCAGCGATCCC-1_1,1
TTTGCGCCACTCTGTC-1_1,1
TTTGCGCGTTACGTCA-1_1,1
TTTGCGCTCCAACCAA-1_1,1
TTTGGTTAGTTATCGC-1_1,1
TTTGGTTCATCTACGA-1_1,1
TTTGGTTGTATGAATG-1_1,1
TTTGGTTGTATTAGCC-1_1,1
TTTGGTTGTCCGAACC-1_1,1
TTTGTCAAGCAATATG-1_1,1
TTTGTCAAGCTAACAA-1_1,1
TTTGTCACACGGTTTA-1_1,1
TTTGTCAGTCGCATAT-1_1,1
TTTGTCAGTGCCTGGT-1_1,1
TTTGTCATCCTAGTGA-1_1,1
AAACCTGCAAGAGTCG-1_2,0
AAACCTGTCGGCGCTA-1_2,0
AAACGGGAGTAAGTAC-1_2,0
AAACGGGCACATCTTT-1_2,0
AAACGGGTCTGCAGTA-1_2,0
AAAGATGCACAAGCCC-1_2,0
AAAGATGCAGTTCATG-1_2,0
AAAGATGGTAGGACAC-1_2,0
AAAGCAATCCACTGGG-1_2,0
AAAGTAGTCGCAAACT-1_2,0
AAAGTAGTCGTCGTTC-1_2,0
AACACGTAGCGATGAC-1_2,0
AACACGTAGTTGAGAT-1_2,0
AACACGTCATCGATGT-1_2,0
AACACGTGTCCCTTGT-1_2,0
AACCATGCATCTACGA-1_2,0
AACCATGCATTGTGCA-1_2,0
AACCGCGCAAGCCCAC-1_2,0
AACCGCGGTTATGTGC-1_2,0
AACGTTGCAGCGTTCG-1_2,0
AACGTTGGTTTGGCGC-1_2,0
AACGTTGTCTGCTGTC-1_2,0
AACTCAGCAGTGGGAT-1_2,0
AACTCAGTCGCGTAGC-1_2,0
AACTCCCAGAATGTGT-1_2,0
AACTCCCAGGTGCTAG-1_2,0
AACTCCCCAAGTTGTC-1_2,0
AACTCCCGTAGGCTGA-1_2,0
AACTCTTCAGATCGGA-1_2,0
AACTCTTTCAACGAAA-1_2,0
AACTGGTTCATCTGCC-1_2,0
AACTTTCGTGTGAATA-1_2,0
AAGACCTCACTGCCAG-1_2,0
AAGCCGCAGTCATGCT-1_2,0
AAGGAGCTCAGTCCCT-1_2,0
AAGGCAGGTGATGTCT-1_2,0
AAGGCAGGTGGCAAAC-1_2,0
AAGGTTCCACGCGAAA-1_2,0
AAGTCTGCAGGGTACA-1_2,0
AAGTCTGCATTCTCAT-1_2,0
AAGTCTGGTCCAGTAT-1_2,0
AATCCAGAGGAGCGTT-1_2,0
AATCCAGCAATCACAC-1_2,0
AATCCAGCAGCGTTCG-1_2,0
AATCGGTCAGCGATCC-1_2,0
AATCGGTGTCTGATTG-1_2,0
AATCGGTGTTCCGTCT-1_2,0
AATCGGTTCCCTAATT-1_2,0
ACACCAAAGTGTGAAT-1_2,0
ACACCAAGTATTCGTG-1_2,0
ACACCCTCACGAGAGT-1_2,0
ACACCCTCAGCTTAAC-1_2,0
ACACCCTTCGGTGTCG-1_2,0
ACACTGATCTTGACGA-1_2,0
ACAGCCGAGTAGCCGA-1_2,0
ACAGCCGGTCTGCGGT-1_2,0
ACAGCTAAGAAACCAT-1_2,0
ACAGCTAAGACCTAGG-1_2,0
ACAGCTAAGCGTAGTG-1_2,0
ACAGCTACAGCTGCTG-1_2,0
ACAGCTACATCGATTG-1_2,0
ACATACGTCACAGGCC-1_2,0
ACATACGTCACCGTAA-1_2,0
ACATCAGCAACTTGAC-1_2,0
ACATCAGGTGTCTGAT-1_2,0
ACATGGTCACAGACTT-1_2,0
ACCAGTAAGGAGTTTA-1_2,0
ACCCACTAGTCCAGGA-1_2,0
ACCCACTGTTATCGGT-1_2,0
ACCGTAAAGGAATCGC-1_2,0
ACCGTAAAGGCGACAT-1_2,0
ACCGTAAGTCCAAGTT-1_2,0
ACCGTAATCGTCCAGG-1_2,0
ACGAGGAAGTCGCCGT-1_2,0
ACGAGGATCGATGAGG-1_2,0
ACGATACGTAGAGCTG-1_2,0
ACGATACTCATCATTC-1_2,0
ACGATGTAGCGAGAAA-1_2,0
ACGATGTGTCGGCATC-1_2,0
ACGATGTTCCGCATAA-1_2,0
ACGATGTTCCTTGGTC-1_2,0
ACGCCAGAGTATTGGA-1_2,0
ACGCCAGTCAACTCTT-1_2,0
ACGCCAGTCCTTGACC-1_2,0
ACGCCGAAGTGCGTGA-1_2,0
ACGCCGATCTTGTATC-1_2,0
ACGGAGAAGCGTGAGT-1_2,0
ACGGCCAAGACAGACC-1_2,0
ACGGCCATCCTCAATT-1_2,0
ACGGGCTAGTAGTGCG-1_2,0
ACGGGTCGTAGAAGGA-1_2,0
ACGTCAAGTCAGTGGA-1_2,0
ACGTCAATCAGCTCGG-1_2,0
ACTATCTAGAAGGTGA-1_2,0
ACTATCTTCCAGAAGG-1_2,0
ACTATCTTCGATCCCT-1_2,0
ACTGAACCACAGGAGT-1_2,0
ACTGAACGTCTAGCCG-1_2,0
ACTGAGTGTCTTCGTC-1_2,0
ACTGAGTTCTGCGGCA-1_2,0
ACTGATGCACCTGGTG-1_2,0
ACTGATGTCCACGCAG-1_2,0
ACTGCTCCACCATCCT-1_2,0
ACTGCTCTCTCGCATC-1_2,0
ACTGTCCCAGACGTAG-1_2,0
ACTGTCCCATCGGGTC-1_2,0
ACTTACTAGTCATGCT-1_2,0
ACTTACTGTCGCATCG-1_2,0
ACTTGTTCAACTGGCC-1_2,0
ACTTTCAAGGAATCGC-1_2,0
AGAATAGCACAACGTT-1_2,0
AGAATAGGTTCCTCCA-1_2,0
AGAATAGTCACTCTTA-1_2,0
AGAATAGTCCTGTACC-1_2,0
AGACGTTCAGAGTGTG-1_2,0
AGACGTTCAGCGTAAG-1_2,0
AGACGTTGTATGGTTC-1_2,0
AGACGTTTCTGTTGAG-1_2,0
AGAGCGAAGGCCCTCA-1_2,0
AGAGCGAGTATAGTAG-1_2,0
AGAGCTTCATACGCCG-1_2,0
AGAGCTTTCATGTCCC-1_2,0
AGAGTGGCAGGGTACA-1_2,0
AGAGTGGTCACCATAG-1_2,0
AGATTGCCACCAGATT-1_2,0
AGATTGCGTACTCAAC-1_2,0
AGATTGCTCCTTCAAT-1_2,0
AGATTGCTCGCAAACT-1_2,0
AGCATACAGCAGACTG-1_2,0
AGCATACAGGTTACCT-1_2,0
AGCCTAATCCGCAAGC-1_2,0
AGCGTATGTCCGTTAA-1_2,0
AGCTCCTCACATCCAA-1_2,0
AGCTCCTGTGCACCAC-1_2,0
AGCTCTCAGTGGGATC-1_2,0
AGCTCTCCATCGGTTA-1_2,0
AGCTCTCGTCTGCCAG-1_2,0
AGCTCTCGTTCACCTC-1_2,0
AGCTCTCGTTCTCATT-1_2,0
AGCTCTCTCGTGACAT-1_2,0
AGCTTGATCACAGTAC-1_2,0
AGCTTGATCTATGTGG-1_2,0
AGGCCACAGGTGCTAG-1_2,0
AGGCCACAGTAACCCT-1_2,0
AGGCCACTCGAGCCCA-1_2,0
AGGCCACTCGAGGTAG-1_2,0
AGGCCGTCAATCCAAC-1_2,0
AGGCCGTCAGTTAACC-1_2,0
AGGGAGTGTCCGAACC-1_2,0
AGGGTGACACGTCAGC-1_2,0
AGGTCCGAGACTTTCG-1_2,0
AGTAGTCAGGTGTTAA-1_2,0
AGTAGTCGTCATATGC-1_2,0
AGTCTTTTCAGGATCT-1_2,0
AGTGAGGCAATACGCT-1_2,0
AGTGGGAGTGTGCCTG-1_2,0
AGTGTCAAGTGACTCT-1_2,0
AGTGTCATCAAGGCTT-1_2,0
AGTTGGTCAACTTGAC-1_2,0
AGTTGGTTCGCACTCT-1_2,0
ATAACGCAGTCCATAC-1_2,0
ATAACGCTCCAAGCCG-1_2,0
ATAAGAGCAGTAAGAT-1_2,0
ATAAGAGTCGCATGAT-1_2,0
ATAAGAGTCGGGAGTA-1_2,0
ATAGACCAGGGATACC-1_2,0
ATAGACCGTAACGTTC-1_2,0
ATAGACCGTTCACGGC-1_2,0
ATCATCTAGCCCAATT-1_2,0
ATCATCTCAGCGAACA-1_2,0
ATCATCTGTCCAAGTT-1_2,0
ATCATCTTCAATCACG-1_2,0
ATCATGGGTGCATCTA-1_2,0
ATCATGGTCCAGTATG-1_2,0
ATCCACCAGACTAAGT-1_2,0
ATCCACCGTGCGCTTG-1_2,0
ATCCACCGTTAAAGAC-1_2,0
ATCCACCTCAACGAAA-1_2,0
ATCCACCTCTACGAGT-1_2,0
ATCCGAATCTGCAGTA-1_2,0
ATCGAGTCACTAGTAC-1_2,0
ATCGAGTGTTAAGAAC-1_2,0
ATCGAGTTCGGTCCGA-1_2,0
ATCTACTCAACAACCT-1_2,0
ATCTACTCACGCGAAA-1_2,0
ATCTACTCAGTGGGAT-1_2,0
ATCTACTGTGGAAAGA-1_2,0
ATCTGCCAGAGTAAGG-1_2,0
ATCTGCCAGATATGCA-1_2,0
ATCTGCCCAATAGCGG-1_2,0
ATCTGCCTCGTTACAG-1_2,0
ATGCGATCATTAGGCT-1_2,0
ATGCGATGTACCGTTA-1_2,0
ATGCGATGTTCCCGAG-1_2,0
ATGGGAGGTACTCAAC-1_2,0
ATGGGAGGTACTTCTT-1_2,0
ATTACTCAGGCGCTCT-1_2,0
ATTACTCCATGGTTGT-1_2,0
ATTATCCAGAGACGAA-1_2,0
ATTATCCGTCACAAGG-1_2,0
ATTATCCTCAGTGTTG-1_2,0
ATTCTACCACCTGGTG-1_2,0
ATTCTACGTGGTTTCA-1_2,0
ATTGGACCAAGGACTG-1_2,0
ATTGGACCAGTGACAG-1_2,0
ATTGGACGTACGAAAT-1_2,0
ATTGGTGAGGCTCAGA-1_2,0
CAACCAAAGGACACCA-1_2,0
CAACCTCGTGCAGACA-1_2,0
CAACCTCTCCGGCACA-1_2,0
CAACTAGAGTCGTACT-1_2,0
CAACTAGTCCAAATGC-1_2,0
CAACTAGTCGTCCGTT-1_2,0
CAAGAAAAGAGATGAG-1_2,0
CAAGAAAAGGGCTTGA-1_2,0
CAAGAAATCCCTTGCA-1_2,0
CAAGATCGTAATCACC-1_2,0
CAAGGCCAGCGAGAAA-1_2,0
CAAGGCCAGTGGACGT-1_2,0
CAAGTTGAGGAGTAGA-1_2,0
CAAGTTGGTGGTACAG-1_2,0
CACAAACGTCATGCCG-1_2,0
CACAAACTCTAACGGT-1_2,0
CACAAACTCTTCATGT-1_2,0
CACACAACACATCCAA-1_2,0
CACACCTAGACTCGGA-1_2,0
CACACCTAGGGCTTGA-1_2,0
CACACCTCACATCCAA-1_2,0
CACACTCGTGCCTTGG-1_2,0
CACAGGCAGTGACATA-1_2,0
CACAGGCCATGGTCAT-1_2,0
CACAGTACACACCGAC-1_2,0
CACAGTACACATGGGA-1_2,0
CACAGTACACGGTAGA-1_2,0
CACAGTAGTTCAGTAC-1_2,0
CACATAGAGTAAGTAC-1_2,0
CACATAGCATTATCTC-1_2,0
CACATAGTCACTCCTG-1_2,0
CACATTTCATTCCTGC-1_2,0
CACCACTGTATAAACG-1_2,0
CACCACTTCAACCATG-1_2,0
CACCAGGAGCGTAATA-1_2,0
CACCTTGAGAAGGACA-1_2,0
CACCTTGAGCTGAAAT-1_2,0
CACCTTGGTTCTGGTA-1_2,0
CACCTTGTCGCAAGCC-1_2,0
CAGAATCGTTCGTCTC-1_2,0
CAGATCAGTACAGTTC-1_2,0
CAGCAGCAGCGCCTCA-1_2,0
CAGCAGCCATTAACCG-1_2,0
CAGCAGCTCTAGAGTC-1_2,0
CAGCATAAGTGACATA-1_2,0
CAGCATACAGCTTCGG-1_2,0
CAGCATACATATGCTG-1_2,0
CAGCATAGTAACGCGA-1_2,0
CAGCATAGTGCTGTAT-1_2,0
CAGCCGAGTCGAGTTT-1_2,0
CAGCGACTCCGTCAAA-1_2,0
CAGCTAAAGCACCGCT-1_2,0
CAGCTAAAGCTGCAAG-1_2,0
CAGCTAACAGTCGATT-1_2,0
CAGCTAATCACGATGT-1_2,0
CAGCTGGCATCATCCC-1_2,0
CAGCTGGGTCACCCAG-1_2,0
CAGGTGCAGGCGATAC-1_2,0
CAGGTGCCAATGGAAT-1_2,0
CAGGTGCCATTACCTT-1_2,0
CAGGTGCGTACAGTGG-1_2,0
CAGTAACGTGATAAAC-1_2,0
CAGTCCTGTTGTCTTT-1_2,0
CATATTCCAAACCCAT-1_2,0
CATATTCTCGTTGCCT-1_2,0
CATCAAGTCTAAGCCA-1_2,0
CATCAGACAATAAGCA-1_2,0
CATCCACCAGCTGCTG-1_2,0
CATCCACGTGCGGTAA-1_2,0
CATCGAAGTTGGTAAA-1_2,0
CATCGGGGTGCAACGA-1_2,0
CATGACAAGTGGTAGC-1_2,0
CATGCCTCACACAGAG-1_2,0
CATGCCTGTGATAAGT-1_2,0
CATGCCTTCTTAGCCC-1_2,0
CATTATCTCATGTCCC-1_2,0
CATTCGCCATCGTCGG-1_2,0
CATTCGCGTAGATTAG-1_2,0
CATTCGCTCTCCAGGG-1_2,0
CCAATCCAGAAGGCCT-1_2,0
CCAATCCAGTGTACTC-1_2,0
CCAATCCCAAGTAGTA-1_2,0
CCAATCCGTCTTCGTC-1_2,0
CCACCTACAAGAAGAG-1_2,0
CCACGGATCTGCCCTA-1_2,0
CCACTACCACGAAATA-1_2,0
CCACTACGTCCGACGT-1_2,0
CCACTACGTCCGTGAC-1_2,0
CCAGCGAAGCCACTAT-1_2,0
CCAGCGAAGCGATCCC-1_2,0
CCAGCGAGTTAAAGTG-1_2,0
CCAGCGAGTTCTGGTA-1_2,0
CCAGCGATCTTACCTA-1_2,0
CCATGTCGTTGGTGGA-1_2,0
CCATGTCTCCGAACGC-1_2,0
CCCAGTTTCTCGCTTG-1_2,0
CCCATACGTCATACTG-1_2,0
CCCTCCTAGATCGGGT-1_2,0
CCCTCCTCAATTCCTT-1_2,0
CCCTCCTGTAAAGGAG-1_2,0
CCCTCCTTCGGCTTGG-1_2,0
CCCTCCTTCTGGAGCC-1_2,0
CCCTCCTTCTGGTATG-1_2,0
CCGGGATAGCGAGAAA-1_2,0
CCGGGATGTGCTCTTC-1_2,0
CCGGGATTCTGGAGCC-1_2,0
CCGGTAGAGTTTGCGT-1_2,0
CCGGTAGCAGCGTAAG-1_2,0
CCGGTAGGTTGATTGC-1_2,0
CCGGTAGTCAAACCAC-1_2,0
CCGTACTAGCACCGCT-1_2,0
CCGTACTTCATCTGCC-1_2,0
CCGTGGAAGGGAACGG-1_2,0
CCGTGGACACCAGATT-1_2,0
CCTAAAGAGGCTCTTA-1_2,0
CCTAAAGCATCACGAT-1_2,0
CCTACACAGGCCCTTG-1_2,0
CCTACACGTAACGCGA-1_2,0
CCTACCAGTCGTCTTC-1_2,0
CCTAGCTAGAGCTGGT-1_2,0
CCTAGCTAGCTAGGCA-1_2,0
CCTCAGTGTTGACGTT-1_2,0
CCTCTGAGTAGAAAGG-1_2,0
CCTTACGGTTCCGGCA-1_2,0
CCTTACGGTTGCGTTA-1_2,0
CCTTACGTCACTTACT-1_2,0
CCTTCGACACAAGACG-1_2,0
CCTTCGACACAGTCGC-1_2,0
CCTTCGATCCACTCCA-1_2,0
CCTTTCTCATGGATGG-1_2,0
CCTTTCTGTGTAACGG-1_2,0
CGAACATAGGCTCAGA-1_2,0
CGAACATGTATCTGCA-1_2,0
CGAATGTAGCCGTCGT-1_2,0
CGACCTTTCTAACTTC-1_2,0
CGACTTCAGATCCCGC-1_2,0
CGACTTCAGGAATCGC-1_2,0
CGACTTCAGGCTCATT-1_2,0
CGAGCCATCACGACTA-1_2,0
CGAGCCATCATTGCCC-1_2,0
CGAGCCATCGACCAGC-1_2,0
CGATCGGAGACCCACC-1_2,0
CGATGGCCACAGGTTT-1_2,0
CGATGGCGTAAGTTCC-1_2,0
CGATGGCGTATCGCAT-1_2,0
CGATGTATCCGGCACA-1_2,0
CGATTGACATGCATGT-1_2,0
CGATTGATCCTCAACC-1_2,0
CGCCAAGAGAGCTATA-1_2,0
CGCCAAGCAAGGGTCA-1_2,0
CGCCAAGTCAACGCTA-1_2,0
CGCCAAGTCCATGCTC-1_2,0
CGCCAAGTCCGTCAAA-1_2,0
CGCGGTAAGTGGAGAA-1_2,0
CGCGGTACACACGCTG-1_2,0
CGCGGTACACGACGAA-1_2,0
CGCGGTACAGAGCCAA-1_2,0
CGCGGTAGTCATGCCG-1_2,0
CGCGGTAGTGGCGAAT-1_2,0
CGCGTTTGTTCGAATC-1_2,0
CGCTATCAGAAGAAGC-1_2,0
CGCTGGAAGTGAATTG-1_2,0
CGCTGGAGTAGCAAAT-1_2,0
CGCTGGAGTGTAAGTA-1_2,0
CGCTGGATCCGTCATC-1_2,0
CGCTTCAAGTGGGCTA-1_2,0
CGCTTCAGTACGACCC-1_2,0
CGGACACTCTTTACGT-1_2,0
CGGACACTCTTTAGTC-1_2,0
CGGACGTCATCTACGA-1_2,0
CGGACTGCAACGATCT-1_2,0
CGGACTGTCATCATTC-1_2,0
CGGAGCTTCATAAAGG-1_2,0
CGGCTAGAGCTCCTCT-1_2,0
CGGCTAGCAATTCCTT-1_2,0
CGGCTAGCATGTAGTC-1_2,0
CGGCTAGCATGTTGAC-1_2,0
CGGTTAATCCTCAATT-1_2,0
CGTAGCGGTACGCTGC-1_2,0
CGTAGGCCAGCTCGCA-1_2,0
CGTAGGCGTCAGAATA-1_2,0
CGTAGGCGTCTGATTG-1_2,0
CGTCAGGAGTGAAGAG-1_2,0
CGTCAGGCATGCATGT-1_2,0
CGTCAGGGTGCGATAG-1_2,0
CGTCAGGTCGAGCCCA-1_2,0
CGTCCATAGCAGCCTC-1_2,0
CGTGAGCAGACAGAGA-1_2,0
CGTGAGCCAATGGAGC-1_2,0
CGTGAGCGTACGCTGC-1_2,0
CGTGTAAGTTTAAGCC-1_2,0
CGTGTCTAGGAATGGA-1_2,0
CGTTAGACAACAACCT-1_2,0
CGTTCTGAGATGTGGC-1_2,0
CGTTCTGCACATAACC-1_2,0
CGTTCTGTCCCTCTTT-1_2,0
CGTTCTGTCGGTCTAA-1_2,0
CTAACTTGTTCCACGG-1_2,0
CTAAGACAGAAGGTGA-1_2,0
CTAAGACTCAACCAAC-1_2,0
CTAATGGAGAGTCTGG-1_2,0
CTAATGGAGGAATCGC-1_2,0
CTAATGGCAACTTGAC-1_2,0
CTAATGGCAAGGTGTG-1_2,0
CTAATGGCACGCGAAA-1_2,0
CTACACCAGGCACATG-1_2,0
CTACACCCAACTTGAC-1_2,0
CTACATTAGAGCCCAA-1_2,0
CTACATTAGTGCGATG-1_2,0
CTACATTCAAGGACTG-1_2,0
CTACATTGTTCAGCGC-1_2,0
CTACGTCAGCTGCAAG-1_2,0
CTACGTCCACGCATCG-1_2,0
CTACGTCGTAAGAGAG-1_2,0
CTACGTCTCAGTGCAT-1_2,0
CTAGAGTCATCTCCCA-1_2,0
CTAGAGTTCTCAACTT-1_2,0
CTAGCCTAGATCCCGC-1_2,0
CTAGCCTAGGATCGCA-1_2,0
CTAGCCTCATTGGCGC-1_2,0
CTAGCCTTCCTTTACA-1_2,0
CTAGTGACAAGAGGCT-1_2,0
CTCAGAAAGTTATCGC-1_2,0
CTCAGAACAGACAAAT-1_2,0
CTCATTAGTCAGGACA-1_2,0
CTCATTATCAACACAC-1_2,0
CTCATTATCCACGAAT-1_2,0
CTCCTAGGTGGCGAAT-1_2,0
CTCCTAGTCGCCTGTT-1_2,0
CTCCTAGTCTCGATGA-1_2,0
CTCGAAAAGGTGGGTT-1_2,0
CTCGAAACAGACACTT-1_2,0
CTCGAAAGTCGTGGCT-1_2,0
CTCGAGGAGATGCCAG-1_2,0
CTCGAGGCATTTGCCC-1_2,0
CTCGGAGAGAGACGAA-1_2,0
CTCGGAGAGATGGGTC-1_2,0
CTCGGAGAGGATGTAT-1_2,0
CTCGGAGAGTCGAGTG-1_2,0
CTCGGAGTCTTCATGT-1_2,0
CTCGGGAAGACACTAA-1_2,0
CTCGGGACACCTTGTC-1_2,0
CTCGGGAGTACAGTGG-1_2,0
CTCGTACCACTTCGAA-1_2,0
CTCGTACGTTGTACAC-1_2,0
CTCGTCAAGCGAGAAA-1_2,0
CTCGTCAAGCTAGCCC-1_2,0
CTCGTCAAGTTAAGTG-1_2,0
CTCGTCACACCAGCAC-1_2,0
CTCTAATCAGTATAAG-1_2,0
CTCTAATGTCGACTAT-1_2,0
CTCTAATGTGACGCCT-1_2,0
CTCTACGCAGAGCCAA-1_2,0
CTCTACGCATGACATC-1_2,0
CTCTACGGTGTGACGA-1_2,0
CTCTACGTCGCGCCAA-1_2,0
CTCTGGTCAGGCAGTA-1_2,0
CTCTGGTGTCTCTCTG-1_2,0
CTCTGGTTCCCTAACC-1_2,0
CTGAAACGTAGAAGGA-1_2,0
CTGAAGTAGCGATCCC-1_2,0
CTGAAGTTCACGGTTA-1_2,0
CTGATCCAGACACGAC-1_2,0
CTGATCCGTAAATGTG-1_2,0
CTGATCCGTGCAGTAG-1_2,0
CTGCGGAAGCGTGTCC-1_2,0
CTGCGGACAGTCACTA-1_2,0
CTGCTGTTCTGACCTC-1_2,0
CTGGTCTCAATGGATA-1_2,0
CTGTGCTAGCCAGTAG-1_2,0
CTGTGCTGTAAGTTCC-1_2,0
CTTAACTAGTTACGGG-1_2,0
CTTAACTCAGCTGGCT-1_2,0
CTTAACTGTCTGATTG-1_2,0
CTTACCGAGATACACA-1_2,0
CTTAGGAAGAATAGGG-1_2,0
CTTAGGATCGTACGGC-1_2,0
CTTCTCTCAAGAAAGG-1_2,0
CTTCTCTCAGGAATCG-1_2,0
CTTGGCTCACTTACGA-1_2,0
CTTGGCTCAGACGTAG-1_2,0
CTTGGCTCAGTAAGCG-1_2,0
CTTGGCTGTACTCAAC-1_2,0
CTTGGCTTCCTTGACC-1_2,0
CTTTGCGAGGAACTGC-1_2,0
CTTTGCGAGTAGCGGT-1_2,0
CTTTGCGGTACTTGAC-1_2,0
GAAACTCAGGCATGTG-1_2,0
GAAACTCCATCGGAAG-1_2,0
GAAACTCGTAGCTAAA-1_2,0
GAAACTCGTGAGTATA-1_2,0
GAAATGAGTGCGAAAC-1_2,0
GAAATGATCACAACGT-1_2,0
GAAATGATCTTGAGGT-1_2,0
GAACATCAGGTGTGGT-1_2,0
GAACCTAAGGATATAC-1_2,0
GAACCTAAGTCCATAC-1_2,0
GAACGGAAGAGGACGG-1_2,0
GAACGGACAGACACTT-1_2,0
GAACGGAGTGAACCTT-1_2,0
GAACGGATCGAGAGCA-1_2,0
GAAGCAGCAAAGTGCG-1_2,0
GAATAAGCAATAAGCA-1_2,0
GAATAAGGTTGAGTTC-1_2,0
GAATGAACATAACCTG-1_2,0
GAATGAATCGCAAACT-1_2,0
GACACGCCAGGATTGG-1_2,0
GACACGCTCGTTTAGG-1_2,0
GACAGAGTCAAACAAG-1_2,0
GACCAATAGATGTTAG-1_2,0
GACCAATCAAACCTAC-1_2,0
GACCAATTCCAGTAGT-1_2,0
GACCTGGAGGCATGGT-1_2,0
GACCTGGTCGTCTGCT-1_2,0
GACGCGTAGCGGATCA-1_2,0
GACGCGTGTGTAATGA-1_2,0
GACGCGTGTGTCTGAT-1_2,0
GACGGCTAGCCGGTAA-1_2,0
GACGGCTAGCTAAGAT-1_2,0
GACGGCTCAATGAATG-1_2,0
GACGGCTGTAGGGTAC-1_2,0
GACGGCTGTCTGCCAG-1_2,0
GACGTGCCACTTCTGC-1_2,0
GACGTGCCAGACAAAT-1_2,0
GACGTGCCATTTCAGG-1_2,0
GACGTGCTCTAGAGTC-1_2,0
GACGTTAAGGCATGGT-1_2,0
GACGTTAGTAGGCTGA-1_2,0
GACGTTAGTGCCTTGG-1_2,0
GACGTTAGTTCAGGCC-1_2,0
GACGTTATCATGCAAC-1_2,0
GACTAACGTGAAATCA-1_2,0
GACTAACTCCCTGACT-1_2,0
GACTACAAGTTTCCTT-1_2,0
GAGCAGAAGAGGTACC-1_2,0
GAGCAGAGTCGAATCT-1_2,0
GAGCAGATCTTGCATT-1_2,0
GAGGTGAAGTGAACAT-1_2,0
GAGGTGACAATCTGCA-1_2,0
GAGTCCGAGCCCAGCT-1_2,0
GAGTCCGGTTTGTTGG-1_2,0
GAGTCCGTCGCTTAGA-1_2,0
GATCAGTCACAAGTAA-1_2,0
GATCAGTGTATCGCAT-1_2,0
GATCAGTTCCTATGTT-1_2,0
GATCGATGTGCACCAC-1_2,0
GATCGATGTTGGGACA-1_2,0
GATCGCGCAGTTCCCT-1_2,0
GATCGCGTCTATCGCC-1_2,0
GATCGTAGTAGGGTAC-1_2,0
GATGAAAGTCTTCAAG-1_2,0
GATGAAATCACTCCTG-1_2,0
GATGAGGCAGGAATGC-1_2,0
GATGAGGCATAAGACA-1_2,0
GATGAGGTCAAGATCC-1_2,0
GATGCTAGTAAAGTCA-1_2,0
GATGCTAGTACCGTAT-1_2,0
GATGCTATCATGCATG-1_2,0
GATGCTATCCCTAATT-1_2,0
GATTCAGAGAAGATTC-1_2,0
GATTCAGCAGCCTTGG-1_2,0
GATTCAGCATGCGCAC-1_2,0
GATTCAGTCCTGCAGG-1_2,0
GCAATCAAGCCCTAAT-1_2,0
GCAATCACACATTCGA-1_2,0
GCAATCAGTCTGATCA-1_2,0
GCAATCATCGGAATCT-1_2,0
GCACATACAGCTGTGC-1_2,0
GCACATATCAATCTCT-1_2,0
GCACATATCCGATATG-1_2,0
GCACATATCTTGAGGT-1_2,0
GCACTCTCATAGGATA-1_2,0
GCACTCTGTCGACTAT-1_2,0
GCAGCCACATGACATC-1_2,0
GCAGCCAGTAGTGAAT-1_2,0
GCAGTTACACTTAACG-1_2,0
GCAGTTAGTTAAGTAG-1_2,0
GCATACAAGCAACGGT-1_2,0
GCATACAGTTCCACAA-1_2,0
GCATACATCGAATGCT-1_2,0
GCATGATAGCTAAACA-1_2,0
GCATGATTCTCGTATT-1_2,0
GCATGCGGTTGTCTTT-1_2,0
GCATGTAGTCAACATC-1_2,0
GCATGTATCGCCTGTT-1_2,0
GCCTCTAAGTAGTGCG-1_2,0
GCCTCTACACGCTTTC-1_2,0
GCGACCATCCACGTTC-1_2,0
GCGAGAAAGGGTTTCT-1_2,0
GCGAGAAAGTCCAGGA-1_2,0
GCGAGAAAGTCTTGCA-1_2,0
GCGAGAATCTAGCACA-1_2,0
GCGAGAATCTATCCCG-1_2,0
GCGCAACAGCTAGTTC-1_2,0
GCGCAACAGCTGTTCA-1_2,0
GCGCAACCAGGCTGAA-1_2,0
GCGCAACGTCTGGAGA-1_2,0
GCGCAGTTCCTGCAGG-1_2,0
GCGCCAAAGCGTGAAC-1_2,0
GCGCCAAGTATAGGGC-1_2,0
GCGCCAATCTGCTTGC-1_2,0
GCGCGATGTTCAGTAC-1_2,0
GCGCGATTCTACTCAT-1_2,0
GCGGGTTCAAGTTCTG-1_2,0
GCTCCTACACTCAGGC-1_2,0
GCTCTGTCACCTTGTC-1_2,0
GCTCTGTTCCAAATGC-1_2,0
GCTGCAGCAGACGCTC-1_2,0
GCTGCGAGTCCTGCTT-1_2,0
GCTGCGATCCGAACGC-1_2,0
GCTGCTTCAGTATGCT-1_2,0
GCTGCTTGTTGAGTTC-1_2,0
GCTGGGTAGGTGTGGT-1_2,0
GCTGGGTGTAAGAGGA-1_2,0
GCTGGGTGTCGAACAG-1_2,0
GCTTCCAAGTGAAGTT-1_2,0
GCTTGAAAGTCGTACT-1_2,0
GCTTGAAGTATAGGGC-1_2,0
GGAATAAGTGCTGTAT-1_2,0
GGACAAGCAGACGTAG-1_2,0
GGACAGACAGCTGTTA-1_2,0
GGACATTCACACCGCA-1_2,0
GGACGTCGTCCTGCTT-1_2,0
GGAGCAAAGATGTTAG-1_2,0
GGAGCAACACAGGAGT-1_2,0
GGAGCAATCTGGGCCA-1_2,0
GGATGTTCATTGGCGC-1_2,0
GGATGTTGTTGGACCC-1_2,0
GGATTACCATTGAGCT-1_2,0
GGATTACTCATGTGGT-1_2,0
GGATTACTCTGTCTCG-1_2,0
GGCAATTAGTTATCGC-1_2,0
GGCAATTTCATGTCTT-1_2,0
GGCCGATCACACCGCA-1_2,0
GGCCGATGTCAGAAGC-1_2,0
GGCGACTTCAGTTTGG-1_2,0
GGCGTGTCAGGATCGA-1_2,0
GGCGTGTGTGCGATAG-1_2,0
GGCGTGTTCCTTTACA-1_2,0
GGCGTGTTCGCATGAT-1_2,0
GGCTCGACAAGTTCTG-1_2,0
GGCTCGATCACAGGCC-1_2,0
GGCTCGATCCTAGGGC-1_2,0
GGCTGGTCATCGGTTA-1_2,0
GGCTGGTTCACCACCT-1_2,0
GGGAATGAGAGTACAT-1_2,0
GGGAATGAGGCAAAGA-1_2,0
GGGAATGCAGTTTACG-1_2,0
GGGAATGCATACGCTA-1_2,0
GGGACCTAGAAGGCCT-1_2,0
GGGACCTAGCAAATCA-1_2,0
GGGACCTCATTAACCG-1_2,0
GGGAGATTCCCATTTA-1_2,0
GGGAGATTCGTGGTCG-1_2,0
GGGATGAAGTGATCGG-1_2,0
GGGATGAGTACGCACC-1_2,0
GGGATGATCATACGGT-1_2,0
GGGATGATCGGTGTTA-1_2,0
GGGCACTAGAGTCTGG-1_2,0
GGGCACTGTGAAAGAG-1_2,0
GGGCACTGTTGTACAC-1_2,0
GGGCACTTCTAACTGG-1_2,0
GGGCATCAGAGTCTGG-1_2,0
GGGCATCAGCTATGCT-1_2,0
GGGCATCAGCTGTTCA-1_2,0
GGGTCTGAGTGCAAGC-1_2,0
GGGTCTGGTTCGTTGA-1_2,0
GGGTCTGTCGTATCAG-1_2,0
GGGTTGCAGACTACAA-1_2,0
GGGTTGCGTAAGTTCC-1_2,0
GGGTTGCGTACTCGCG-1_2,0
GGGTTGCTCGCAAACT-1_2,0
GGTATTGGTCTGCAAT-1_2,0
GGTATTGGTTTGTTTC-1_2,0
GGTGAAGAGACCTTTG-1_2,0
GGTGCGTCACTTAACG-1_2,0
GGTGCGTGTCTCTCTG-1_2,0
GGTGCGTGTGAGGGAG-1_2,0
GGTGCGTGTTCTGGTA-1_2,0
GGTGCGTTCTGTTTGT-1_2,0
GGTGTTACAATCTACG-1_2,0
GGTGTTATCGGAGGTA-1_2,0
GTAACGTAGTATCTCG-1_2,0
GTAACGTGTGAGTATA-1_2,0
GTAACGTTCCTATGTT-1_2,0
GTAACGTTCTTGAGAC-1_2,0
GTAACTGCAATGGAAT-1_2,0
GTACGTAGTCGGGTCT-1_2,0
GTACGTATCGAATGCT-1_2,0
GTACTCCAGCGTTTAC-1_2,0
GTACTCCAGGCACATG-1_2,0
GTACTCCGTCTGCAAT-1_2,0
GTACTCCTCAACACGT-1_2,0
GTACTCCTCTACCAGA-1_2,0
GTACTTTAGCGATAGC-1_2,0
GTACTTTAGGTGCTTT-1_2,0
GTACTTTTCTCTTATG-1_2,0
GTAGGCCAGCTCTCGG-1_2,0
GTAGGCCGTCTAGGTT-1_2,0
GTAGTCACAATCCGAT-1_2,0
GTATCTTTCATTCACT-1_2,0
GTATTCTGTCGGATCC-1_2,0
GTATTCTGTCTTCAAG-1_2,0
GTATTCTTCACAATGC-1_2,0
GTATTCTTCTGCTGTC-1_2,0
GTCAAGTAGTGACATA-1_2,0
GTCAAGTCAATCCAAC-1_2,0
GTCAAGTCATTCCTGC-1_2,0
GTCACAAAGCTAAGAT-1_2,0
GTCACGGGTACTTAGC-1_2,0
GTCACGGGTCTTCTCG-1_2,0
GTCATTTCAAACCCAT-1_2,0
GTCATTTTCCATGCTC-1_2,0
GTCCTCAGTACCGTAT-1_2,0
GTCCTCAGTATATGGA-1_2,0
GTCGTAAGTCAAACTC-1_2,0
GTCGTAAGTCCAAGTT-1_2,0
GTCTCGTCAGCTATTG-1_2,0
GTCTTCGGTGCCTTGG-1_2,0
GTCTTCGGTGGCGAAT-1_2,0
GTGAAGGCATCCTTGC-1_2,0
GTGAAGGGTGAAGGCT-1_2,0
GTGCAGCTCGGCCGAT-1_2,0
GTGCATAAGAGCCTAG-1_2,0
GTGCATAAGGGTATCG-1_2,0
GTGCATACAATGTAAG-1_2,0
GTGCATAGTTCGCGAC-1_2,0
GTGCGGTAGAGATGAG-1_2,0
GTGCGGTCATGGATGG-1_2,0
GTGCGGTGTCATGCCG-1_2,0
GTGCTTCAGGCAGGTT-1_2,0
GTGCTTCAGTAACCCT-1_2,0
GTGCTTCGTCGAAAGC-1_2,0
GTGCTTCGTCTAGTGT-1_2,0
GTGCTTCTCGAACGGA-1_2,0
GTGGGTCTCCATGAGT-1_2,0
GTGTTAGTCTCTGTCG-1_2,0
GTTAAGCAGGGTTTCT-1_2,0
GTTAAGCCATCTACGA-1_2,0
GTTACAGAGCGATTCT-1_2,0
GTTACAGCACACAGAG-1_2,0
GTTACAGCACCAGATT-1_2,0
GTTACAGCAGCTGTAT-1_2,0
GTTACAGGTGCTGTAT-1_2,0
GTTACAGGTTGAGGTG-1_2,0
GTTCGGGAGCGCCTCA-1_2,0
GTTCGGGAGGAGTTTA-1_2,0
GTTCGGGCAACTGGCC-1_2,0
GTTCGGGTCAACGGCC-1_2,0
GTTCTCGCAATGGACG-1_2,0
GTTCTCGGTTACTGAC-1_2,0
GTTTCTAAGACACTAA-1_2,0
GTTTCTACAGACAGGT-1_2,0
TAAACCGCAATCTGCA-1_2,0
TAAACCGCATGAAGTA-1_2,0
TAAGAGACACAGCCCA-1_2,0
TAAGAGAGTACTCGCG-1_2,0
TAAGCGTAGGGTGTTG-1_2,0
TAAGCGTCATGCTAGT-1_2,0
TAAGTGCTCCCTTGTG-1_2,0
TACACGACAGTCCTTC-1_2,0
TACAGTGAGATATGCA-1_2,0
TACAGTGAGCTGGAAC-1_2,0
TACCTATAGATCGGGT-1_2,0
TACCTATAGGCAGGTT-1_2,0
TACCTATCACATGACT-1_2,0
TACCTATCAGTAAGCG-1_2,0
TACCTTACATGCGCAC-1_2,0
TACGGATCAATACGCT-1_2,0
TACGGGCCACGAGGTA-1_2,0
TACGGGCGTCACCTAA-1_2,0
TACGGTAAGATGCCAG-1_2,0
TACGGTAGTAAAGGAG-1_2,0
TACGGTAGTTAGAACA-1_2,0
TACGGTATCTGATTCT-1_2,0
TACTCGCCAAATACAG-1_2,0
TACTTACAGCCTATGT-1_2,0
TACTTACCAAGTTAAG-1_2,0
TACTTACCAATAAGCA-1_2,0
TACTTGTAGACAAGCC-1_2,0
TACTTGTCAGTATGCT-1_2,0
TACTTGTGTCCGACGT-1_2,0
TACTTGTGTTGGGACA-1_2,0
TAGACCAAGTTTAGGA-1_2,0
TAGACCACACCACCAG-1_2,0
TAGACCACACGGTAAG-1_2,0
TAGCCGGAGCAGCCTC-1_2,0
TAGCCGGCAAGCCTAT-1_2,0
TAGCCGGTCATGGTCA-1_2,0
TAGGCATCATCACAAC-1_2,0
TAGGCATTCACAATGC-1_2,0
TAGTGGTAGAGGTTGC-1_2,0
TAGTGGTCATAACCTG-1_2,0
TAGTGGTTCACCAGGC-1_2,0
TAGTTGGCAGCTTCGG-1_2,0
TAGTTGGTCACCGTAA-1_2,0
TAGTTGGTCTGAAAGA-1_2,0
TATCAGGCAGTCCTTC-1_2,0
TATGCCCAGAAAGTGG-1_2,0
TATGCCCAGATAGTCA-1_2,0
TATGCCCCAATTCCTT-1_2,0
TATTACCCAAGAGGCT-1_2,0
TCAATCTTCATCATTC-1_2,0
TCAATCTTCGCCTGAG-1_2,0
TCAATCTTCGGAATCT-1_2,0
TCACAAGCATGGGAAC-1_2,0
TCACAAGGTTCGGCAC-1_2,0
TCACGAAAGAAACCTA-1_2,0
TCACGAAAGCGTCAAG-1_2,0
TCACGAACACAACTGT-1_2,0
TCACGAATCAGTGCAT-1_2,0
TCACGAATCCTTGACC-1_2,0
TCACGAATCGAACTGT-1_2,0
TCAGATGAGTTCGCGC-1_2,0
TCAGATGGTCACTTCC-1_2,0
TCAGCAATCCGTTGCT-1_2,0
TCAGCTCAGCACCGCT-1_2,0
TCAGCTCCATTAGCCA-1_2,0
TCAGCTCGTCCTGCTT-1_2,0
TCAGGATCACGAAAGC-1_2,0
TCAGGATTCACGACTA-1_2,0
TCAGGTAGTAGCGTCC-1_2,0
TCAGGTATCGGAGGTA-1_2,0
TCATTACTCAACACTG-1_2,0
TCATTACTCCTTGCCA-1_2,0
TCATTTGAGTCGTTTG-1_2,0
TCATTTGAGTGCAAGC-1_2,0
TCATTTGCACGGCGTT-1_2,0
TCCACACGTCACCTAA-1_2,0
TCCACACGTTCGTCTC-1_2,0
TCCACACGTTGGTGGA-1_2,0
TCCACACTCCCTTGTG-1_2,0
TCCACACTCCTTCAAT-1_2,0
TCCACACTCGTACGGC-1_2,0
TCCCGATCACCGTTGG-1_2,0
TCCCGATGTTTCCACC-1_2,0
TCCCGATTCCGTCAAA-1_2,0
TCGAGGCAGGGATCTG-1_2,0
TCGAGGCGTAAGAGAG-1_2,0
TCGAGGCTCCCTAACC-1_2,0
TCGCGTTGTGTTAAGA-1_2,0
TCGGGACAGTCCATAC-1_2,0
TCGGTAAAGAGGTACC-1_2,0
TCGGTAACACGCTTTC-1_2,0
TCGGTAACAGTGGGAT-1_2,0
TCGGTAACATATACCG-1_2,0
TCGGTAATCCTATTCA-1_2,0
TCGTACCCACAACGTT-1_2,0
TCGTACCCACGCCAGT-1_2,0
TCGTACCCAGGTCTCG-1_2,0
TCGTACCCAGTATAAG-1_2,0
TCGTACCTCGCGATCG-1_2,0
TCGTAGAAGCACGCCT-1_2,0
TCTATTGAGCAATATG-1_2,0
TCTATTGCATCATCCC-1_2,0
TCTATTGTCGGCGCAT-1_2,0
TCTATTGTCTTGTACT-1_2,0
TCTGGAAAGCTAACTC-1_2,0
TCTGGAAGTGGTACAG-1_2,0
TCTTTCCAGTGAAGAG-1_2,0
TCTTTCCTCTGCAAGT-1_2,0
TGAAAGAAGGTGTGGT-1_2,0
TGAAAGACAGCTCGAC-1_2,0
TGACAACTCAGGTTCA-1_2,0
TGACGGCCAAGCTGAG-1_2,0
TGACGGCTCCTGCCAT-1_2,0
TGACGGCTCGCAAACT-1_2,0
TGACTAGCAGTTTACG-1_2,0
TGACTTTGTCCGTGAC-1_2,0
TGAGAGGAGGACGAAA-1_2,0
TGAGAGGGTTCGCTAA-1_2,0
TGAGAGGTCTCGTTTA-1_2,0
TGAGCCGTCATCTGCC-1_2,0
TGAGCCGTCGCCAAAT-1_2,0
TGAGGGACATCACGAT-1_2,0
TGAGGGAGTGACTACT-1_2,0
TGAGGGATCTAACTCT-1_2,0
TGATTTCCATTCACTT-1_2,0
TGCCCATAGATCCTGT-1_2,0
TGCCCATAGGAACTGC-1_2,0
TGCCCATCAAACCTAC-1_2,0
TGCCCTAAGTGCTGCC-1_2,0
TGCCCTAGTTGTTTGG-1_2,0
TGCCCTATCTTCTGGC-1_2,0
TGCGCAGCATTTGCTT-1_2,0
TGCGGGTAGAGCAATT-1_2,0
TGCGGGTAGTGGTCCC-1_2,0
TGCGGGTTCTGTACGA-1_2,0
TGCGTGGAGACGCAAC-1_2,0
TGCGTGGAGCGGATCA-1_2,0
TGCGTGGAGTCTCGGC-1_2,0
TGCGTGGTCGTTTAGG-1_2,0
TGCTACCAGAGTCTGG-1_2,0
TGGACGCAGATGTGTA-1_2,0
TGGACGCAGGTGATAT-1_2,0
TGGACGCGTTTAGGAA-1_2,0
TGGACGCTCAGAGCTT-1_2,0
TGGCCAGAGTACGATA-1_2,0
TGGCCAGAGTCATGCT-1_2,0
TGGCCAGCAGTATGCT-1_2,0
TGGCCAGTCCCAGGTG-1_2,0
TGGCTGGCACAAGCCC-1_2,0
TGGCTGGCATTCCTGC-1_2,0
TGGCTGGTCAACTCTT-1_2,0
TGGCTGGTCAGCCTAA-1_2,0
TGGGAAGAGATGTGGC-1_2,0
TGGGAAGGTATAGGGC-1_2,0
TGGGAAGTCTCCAACC-1_2,0
TGGGCGTAGATGTCGG-1_2,0
TGGGCGTTCCGATATG-1_2,0
TGGTTAGAGACCTAGG-1_2,0
TGGTTAGAGGTACTCT-1_2,0
TGGTTAGCAGTGACAG-1_2,0
TGGTTAGTCAGCTCGG-1_2,0
TGGTTCCTCGCATGAT-1_2,0
TGTATTCCAGCCTTGG-1_2,0
TGTATTCTCACCGTAA-1_2,0
TGTCCCAAGCGTTGCC-1_2,0
TGTCCCATCGCATGAT-1_2,0
TGTGGTAAGCAATATG-1_2,0
TGTGGTACACACATGT-1_2,0
TGTGTTTAGACTGGGT-1_2,0
TGTGTTTCACGGACAA-1_2,0
TGTGTTTGTGACCAAG-1_2,0
TGTGTTTTCAAACCGT-1_2,0
TGTGTTTTCGTCCGTT-1_2,0
TGTGTTTTCTAACTTC-1_2,0
TTAACTCTCTGCCAGG-1_2,0
TTAGGACGTGCGAAAC-1_2,0
TTAGGACTCAAGAAGT-1_2,0
TTAGTTCCACATTCGA-1_2,0
TTATGCTGTACTTCTT-1_2,0
TTCCCAGTCCGTAGGC-1_2,0
TTCGAAGAGCTGTTCA-1_2,0
TTCGAAGAGTCCTCCT-1_2,0
TTCGAAGCATATGGTC-1_2,0
TTCGAAGTCAACACCA-1_2,0
TTCGGTCCACAACGCC-1_2,0
TTCTACACACAACGCC-1_2,0
TTCTACACATTCTCAT-1_2,0
TTCTACAGTAGCGTAG-1_2,0
TTCTCAAGTTACGTCA-1_2,0
TTCTCAATCCGCAGTG-1_2,0
TTCTCCTCACTTAACG-1_2,0
TTCTTAGCAATCTACG-1_2,0
TTCTTAGTCCGTCAAA-1_2,0
TTGAACGGTACAAGTA-1_2,0
TTGAACGGTGGGTATG-1_2,0
TTGACTTGTACGACCC-1_2,0
TTGACTTGTGTCAATC-1_2,0
TTGCCGTAGATGTAAC-1_2,0
TTGCGTCAGATAGTCA-1_2,0
TTGCGTCTCTGACCTC-1_2,0
TTGGCAAGTCCAGTGC-1_2,0
TTGGCAATCCACGCAG-1_2,0
TTGTAGGGTTACTGAC-1_2,0
TTGTAGGGTTTAGCTG-1_2,0
TTTACTGAGCCAACAG-1_2,0
TTTACTGAGCCAGGAT-1_2,0
TTTACTGCACGGTAAG-1_2,0
TTTATGCAGAAGGTTT-1_2,0
TTTATGCCACTATCTT-1_2,0
TTTATGCCAGAAGCAC-1_2,0
TTTATGCTCAGAGACG-1_2,0
TTTCCTCAGTAAGTAC-1_2,0
TTTCCTCGTCACCTAA-1_2,0
TTTCCTCGTTACGACT-1_2,0
TTTCCTCGTTGTCGCG-1_2,0
TTTCCTCGTTGTGGAG-1_2,0
TTTCCTCTCATGCAAC-1_2,0
TTTCCTCTCGATCCCT-1_2,0
TTTGCGCCAAGCTGAG-1_2,0
TTTGCGCCACAGACAG-1_2,0
TTTGCGCCACTTCGAA-1_2,0
TTTGCGCTCATGTCCC-1_2,0
TTTGCGCTCTGTTTGT-1_2,0
TTTGGTTCAACGATCT-1_2,0
TTTGGTTCACTGTTAG-1_2,0
TTTGTCACACAGGTTT-1_2,0
